"","year","charter","study","vessel","boat","stationid","haul","start_date","start_time","end_time","start_latitude","start_longitude","end_latitude","end_longitude","duration","distance_fished_nm","distance_fished_km","net_width_m","aswept_nm2","aswept_nm2_new","aswept_km2_new","gear_temp","gear_depth"
"1","2016","NMFS","SBS","94","VST","A-02","70","2016-06-19","16:36:43","17:07:59",55.00892,-166.92004,55.00255,-166.96371,0.521,1.558315902,2.886,18.095,0.01522448588661,0.01522448588661,0.05222217,4.7,153
"2","2016","NMFS","SBS","94","VST","A-03","69","2016-06-19","12:54:25","13:24:57",55.01531,-166.31113,55.02024,-166.3546,0.509,1.532937923,2.839,17.969,0.014872261838203,0.014872261838203,0.051013991,4.8,140
"3","2016","NMFS","SBS","162","AKK","A-04","74","2016-06-19","07:41:14","08:12:19",54.99372,-165.75198,55.017,-165.76914,0.518,1.51727917,2.81,16.232,0.01329737987336,0.01329737987336,0.04561192,4.5,128
"4","2016","NMFS","SBS","162","AKK","A-05","72","2016-06-15","14:12:47","14:43:01",54.99758,-165.13454,54.98574,-165.17316,0.504,1.513499471,2.803,16.31,0.01332799375369,0.01332799375369,0.04571693,5.1,109
"5","2016","NMFS","SBS","162","AKK","A-06","71","2016-06-15","11:36:32","12:07:44",55.05802,-164.56774,55.03551,-164.58938,0.52,1.543737063,2.859,15.492,0.012912471185724,0.012912471185724,0.044291628,6.7,62
"6","2016","NMFS","SBS","94","VST","AZ0504","68","2016-06-19","07:51:58","08:23:57",54.83663,-165.48603,54.8367,-165.53121,0.533,1.570194956,2.908,17.395,0.01474709768378,0.01474709768378,0.05058466,4.5,151
"7","2016","NMFS","SBS","162","AKK","B-02","78","2016-06-22","10:49:06","11:19:02",55.34528,-166.97283,55.34732,-166.92975,0.499,1.483261879,2.747,18.323,0.014673812409773,0.014673812409773,0.050333281,4.7,137
"8","2016","NMFS","SBS","94","VST","B-03","71","2016-06-20","10:11:04","10:42:23",55.32109,-166.3506,55.34708,-166.35429,0.522,1.564795386,2.898,17.667,0.014926188154878,0.014926188154878,0.051198966,4.7,130
"9","2016","NMFS","SBS","162","AKK","B-04","75","2016-06-19","10:31:09","11:01:16",55.30596,-165.78965,55.33126,-165.79374,0.502,1.524838568,2.824,18.039,0.014851313734488,0.014851313734488,0.050942136,4.9,119
"10","2016","NMFS","SBS","94","VST","B-05","67","2016-06-16","12:33:47","13:06:18",55.33878,-165.1702,55.3121,-165.1725,0.542,1.603132333,2.969,17.206,0.014892850773262,0.014892850773262,0.051084614,5,109
"11","2016","NMFS","SBS","162","AKK","B-06","70","2016-06-15","09:31:45","10:01:34",55.32014,-164.54125,55.2975,-164.55888,0.497,1.487041578,2.754,16.706,0.013412944720692,0.013412944720692,0.046008324,5.5,99
"12","2016","NMFS","SBS","162","AKK","B-07","69","2016-06-15","07:06:27","07:36:49",55.33672,-164.02167,55.33641,-164.06609,0.506,1.524838568,2.824,16.596,0.013663307430432,0.013663307430432,0.046867104,6.3,78
"13","2013","NMFS","SBS","162","AKK","B-08","29","2013-06-14","17:17:02","17:47:49",55.35462,-163.42321,55.32925,-163.42627,0.513,1.525918482,2.826,15.8,0.0130171816764,0.0130171816764,0.0446508,3.2,51
"14","2014","NMFS","SBS","94","VST","B-08","25","2014-06-13","06:56:50","07:26:32",55.32451,-163.42284,55.34174,-163.39134,0.495,1.49568089,2.77,17.752,0.01433556387032,0.01433556387032,0.04917304,4.4,51
"15","2015","NMFS","SBS","94","VST","B-08","30","2015-06-08","16:24:12","16:55:53",55.34785,-163.42662,55.32368,-163.40939,0.528,1.566415257,2.901,16.457,0.013918297643481,0.013918297643481,0.047741757,5.8,51
"16","2016","NMFS","SBS","162","AKK","B-08","29","2016-06-06","07:11:39","07:41:57",55.33734,-163.4142,55.35824,-163.39027,0.505,1.498920632,2.776,15.678,0.012688136542224,0.012688136542224,0.043522128,6.1,52
"17","2016","NMFS","SBS","162","AKK","C-01","81","2016-06-23","07:28:40","07:59:20",55.66608,-167.56132,55.66837,-167.60506,0.511,1.495140933,2.769,18.187,0.014681544447999,0.014681544447999,0.050359803,4.6,134
"18","2016","NMFS","SBS","162","AKK","C-02","79","2016-06-22","13:27:55","13:57:19",55.6461,-166.98585,55.67051,-166.98857,0.49,1.468143083,2.719,18.376,0.014566255099352,0.014566255099352,0.049964344,4.7,133
"19","2016","NMFS","SBS","94","VST","C-03","72","2016-06-20","13:04:37","13:36:00",55.66121,-166.38061,55.68796,-166.38017,0.523,1.605292161,2.973,18.018,0.015616698058962,0.015616698058962,0.053567514,4.8,124
"20","2016","NMFS","SBS","162","AKK","C-04","76","2016-06-19","13:25:20","13:55:24",55.65956,-165.80587,55.68455,-165.81045,0.501,1.507559944,2.792,18.378,0.014958959379408,0.014958959379408,0.051311376,5,115
"21","2016","NMFS","SBS","94","VST","C-05","66","2016-06-16","09:49:39","10:23:01",55.67357,-165.17428,55.64631,-165.18484,0.556,1.674406657,3.101,17.344,0.015679736239552,0.015679736239552,0.053783744,5.3,106
"22","2016","NMFS","SBS","162","AKK","C-06","63","2016-06-14","07:09:17","07:36:42",55.66055,-164.58028,55.6395,-164.5641,0.457,1.377970264,2.552,16.585,0.01233911090236,0.01233911090236,0.04232492,5.6,95
"23","2016","NMFS","SBS","162","AKK","C-07","64","2016-06-14","10:06:09","10:36:09",55.68883,-163.98502,55.71383,-163.99278,0.5,1.523218697,2.821,16.47,0.01354516834671,0.01354516834671,0.04646187,4.8,92
"24","2013","NMFS","SBS","162","AKK","C-08","28","2013-06-14","14:37:17","15:07:49",55.66265,-163.39159,55.66315,-163.43561,0.509,1.498920632,2.776,16.696,0.013511999471168,0.013511999471168,0.046348096,2.8,79
"25","2014","NMFS","SBS","94","VST","C-08","26","2014-06-13","09:58:03","10:27:59",55.66498,-163.39032,55.6738,-163.43225,0.499,1.521598826,2.818,17.447,0.014333408275318,0.014333408275318,0.049165646,3.8,80
"26","2015","NMFS","SBS","94","VST","C-08","29","2015-06-08","13:16:54","13:47:44",55.67248,-163.39825,55.65641,-163.36295,0.514,1.540497321,2.853,16.979,0.014122175416371,0.014122175416371,0.048441087,4.8,80
"27","2016","NMFS","SBS","162","AKK","C-08","30","2016-06-06","09:38:09","10:08:27",55.667,-163.39615,55.69172,-163.39051,0.505,1.49568089,2.77,16.661,0.01345453073701,0.01345453073701,0.04615097,5,80
"28","2013","NMFS","SBS","162","AKK","C-09","27","2013-06-14","11:56:39","12:27:11",55.68222,-162.83799,55.65726,-162.83321,0.509,1.50648003,2.79,16.041,0.01304738157987,0.01304738157987,0.04475439,2.9,51
"29","2014","NMFS","SBS","162","AKK","C-09","30","2014-06-13","18:38:17","19:08:39",55.67647,-162.77238,55.67513,-162.81585,0.506,1.481642008,2.744,15.556,0.012444279682912,0.012444279682912,0.042685664,4.1,47
"30","2015","NMFS","SBS","94","VST","C-09","28","2015-06-08","10:08:16","10:38:45",55.67969,-162.81077,55.66486,-162.84497,0.508,1.465443298,2.714,15.242,0.012059783806004,0.012059783806004,0.041366788,5.6,49
"31","2016","NMFS","SBS","162","AKK","C-09","28","2016-06-05","14:43:53","15:15:01",55.67869,-162.82214,55.6525,-162.83264,0.519,1.611771645,2.985,15.092,0.01313345086746,0.01313345086746,0.04504962,5.6,48
"32","2016","NMFS","SBS","162","AKK","C-18","82","2016-06-23","10:38:56","11:08:27",55.66384,-168.19127,55.68788,-168.18817,0.492,1.446004846,2.678,18.117,0.014144401600758,0.014144401600758,0.048517326,4.3,134
"33","2016","NMFS","SBS","162","AKK","D-02","80","2016-06-22","16:16:05","16:46:45",55.98868,-167.0107,56.01426,-167.00834,0.511,1.537257579,2.847,18.396,0.015268577920596,0.015268577920596,0.052373412,4.7,132
"34","2016","NMFS","SBS","94","VST","D-03","73","2016-06-20","15:45:51","16:16:38",55.99019,-166.39019,56.015,-166.39352,0.513,1.492441148,2.764,18.143,0.014619578817316,0.014619578817316,0.050147252,4.8,122
"35","2016","NMFS","SBS","94","VST","D-04","64","2016-06-15","15:27:55","16:00:51",56.01141,-165.78898,55.98529,-165.79001,0.549,1.567495171,2.903,17.014,0.014399293567186,0.014399293567186,0.049391642,5.1,106
"36","2016","NMFS","SBS","94","VST","D-05","65","2016-06-16","07:09:46","07:42:06",56.00863,-165.17626,55.98222,-165.17186,0.539,1.591793236,2.948,16.818,0.014454049878312,0.014454049878312,0.049579464,4.7,94
"37","2016","NMFS","SBS","162","AKK","D-06","61","2016-06-13","14:51:42","15:22:00",56.00578,-164.58206,55.98068,-164.57737,0.505,1.514039428,2.804,17.131,0.014003882111692,0.014003882111692,0.048035324,4.7,91
"38","2016","NMFS","SBS","162","AKK","D-07","62","2016-06-13","17:15:14","17:46:26",55.99116,-164.05893,55.981,-164.01659,0.52,1.553996246,2.878,16.785,0.01408315168359,0.01408315168359,0.04830723,4.7,89
"39","2013","NMFS","SBS","89","ALD","D-08","28","2013-06-14","14:56:22","15:27:30",56.01615,-163.3619,56.00041,-163.39949,0.519,1.580994096,2.928,16.499,0.014083688687376,0.014083688687376,0.048309072,1.8,86
"40","2014","NMFS","SBS","94","VST","D-08","27","2014-06-13","13:20:52","13:52:04",55.99561,-163.41067,56.011,-163.3762,0.52,1.485421707,2.751,18.498,0.014835530720934,0.014835530720934,0.050887998,3.9,85
"41","2015","NMFS","SBS","162","AKK","D-08","30","2015-06-08","07:04:17","07:34:17",55.99596,-163.3968,56.02027,-163.39002,0.5,1.476782395,2.735,17.046,0.01359150460173,0.01359150460173,0.04662081,4.3,86
"42","2016","NMFS","SBS","162","AKK","D-08","31","2016-06-06","12:13:57","12:45:52",55.99564,-163.39741,56.02213,-163.40373,0.532,1.60367229,2.97,16.902,0.01463464757502,0.01463464757502,0.05019894,4.7,86
"43","2013","NMFS","SBS","162","AKK","D-09","26","2013-06-14","09:16:56","09:46:09",55.99841,-162.79884,55.99996,-162.84142,0.487,1.440605276,2.668,16.927,0.013165990614788,0.013165990614788,0.045161236,2.4,76
"44","2014","NMFS","SBS","162","AKK","D-09","28","2014-06-13","12:35:52","13:06:53",56.01271,-162.81682,55.9872,-162.80963,0.517,1.54967659,2.87,16.46,0.0137720772266,0.0137720772266,0.0472402,3.7,76
"45","2015","NMFS","SBS","94","VST","D-09","26","2015-06-07","16:14:43","16:45:08",56.00338,-162.8138,55.97875,-162.81782,0.507,1.484341793,2.749,16.176,0.012963838134192,0.012963838134192,0.044467824,4.2,75
"46","2016","NMFS","SBS","162","AKK","D-09","27","2016-06-05","12:16:48","12:49:26",56.01231,-162.81408,55.985,-162.82512,0.544,1.680886141,3.113,16.434,0.014914548991386,0.014914548991386,0.051159042,4.7,75
"47","2014","NMFS","SBS","162","AKK","D-10","29","2014-06-13","15:15:59","15:45:41",55.99199,-162.31045,55.9832,-162.26991,0.495,1.466523212,2.716,14.638,0.011590421506664,0.011590421506664,0.039756808,4,68
"48","2015","NMFS","SBS","94","VST","D-10","27","2015-06-08","06:44:59","07:16:22",56.00406,-162.23071,55.98539,-162.2636,0.523,1.577214397,2.921,16.542,0.014086636086006,0.014086636086006,0.048319182,4.7,68
"49","2016","NMFS","SBS","162","AKK","D-10","2","2016-05-31","07:11:10","07:44:03",56.00009,-162.30575,55.99195,-162.25911,0.548,1.648488721,3.053,16.768,0.014924362575232,0.014924362575232,0.051192704,5.2,71
"50","2016","NMFS","SBS","94","VST","E-03","74","2016-06-20","18:26:01","18:54:45",56.3237,-166.4077,56.34652,-166.40774,0.479,1.369330952,2.536,16.455,0.01216563710604,0.01216563710604,0.04172988,4.9,102
"51","2016","NMFS","SBS","94","VST","E-04","63","2016-06-15","12:37:35","13:09:45",56.3431,-165.7938,56.31699,-165.80335,0.536,1.598812677,2.961,16.58,0.01431234035154,0.01431234035154,0.04909338,4.7,89
"52","2016","NMFS","SBS","94","VST","E-05","62","2016-06-15","09:49:20","10:20:39",56.34087,-165.19722,56.31676,-165.21532,0.522,1.568035128,2.904,16.787,0.014212072823784,0.014212072823784,0.048749448,4.6,84
"53","2016","NMFS","SBS","162","AKK","E-06","60","2016-06-13","12:17:10","12:47:32",56.32133,-164.55633,56.29748,-164.57075,0.506,1.510259729,2.797,16.675,0.013597091831675,0.013597091831675,0.046639975,4.7,85
"54","2016","NMFS","SBS","162","AKK","E-07","59","2016-06-13","09:53:08","10:23:33",56.34304,-164.03106,56.31895,-164.04555,0.507,1.524298611,2.823,16.931,0.013934173364529,0.013934173364529,0.047796213,4.7,84
"55","2013","NMFS","SBS","89","ALD","E-08","29","2013-06-14","17:41:34","18:13:15",56.32096,-163.41742,56.34687,-163.41882,0.528,1.555616117,2.881,15.491,0.013010992722343,0.013010992722343,0.044629571,1.4,82
"56","2014","NMFS","SBS","94","VST","E-08","28","2014-06-13","16:19:17","16:48:52",56.31244,-163.4249,56.33155,-163.39561,0.493,1.508639858,2.794,15.766,0.012842088122732,0.012842088122732,0.044050204,3.6,83
"57","2015","NMFS","SBS","162","AKK","E-08","31","2015-06-08","09:55:52","10:11:50",56.32585,-163.41674,56.33865,-163.4204,0.266,0.77753808,1.44,16.549,0.00694739464848,0.00694739464848,0.02383056,3.6,83
"58","2016","NMFS","SBS","162","AKK","E-08","33","2016-06-06","16:19:09","16:50:07",56.33344,-163.41849,56.30754,-163.42276,0.516,1.56047573,2.89,14.987,0.01262700265519,0.01262700265519,0.04331243,4.7,81
"59","2013","NMFS","SBS","89","ALD","E-09","27","2013-06-14","11:35:26","12:08:01",56.34484,-162.79486,56.31849,-162.79728,0.543,1.583153924,2.932,16.277,0.013913168703412,0.013913168703412,0.047724164,1.6,76
"60","2014","NMFS","SBS","162","AKK","E-09","27","2014-06-13","09:51:30","10:21:59",56.33424,-162.79388,56.30888,-162.79214,0.508,1.52267874,2.82,15.765,0.0129607700409,0.0129607700409,0.0444573,3.5,77
"61","2015","NMFS","SBS","94","VST","E-09","25","2015-06-07","13:33:55","14:04:20",56.33962,-162.7953,56.31482,-162.79151,0.507,1.493521062,2.766,15.63,0.01260372374514,0.01260372374514,0.04323258,4.2,76
"62","2016","NMFS","SBS","162","AKK","E-09","26","2016-06-05","09:40:36","10:12:24",56.35922,-162.79596,56.33233,-162.79709,0.53,1.613931473,2.989,16.633,0.014493865414721,0.014493865414721,0.049716037,4.7,76
"63","2013","NMFS","SBS","162","AKK","E-10","24","2013-06-13","17:00:28","17:31:18",56.33512,-162.19952,56.3101,-162.20617,0.514,1.517819127,2.811,15.744,0.012902196396672,0.012902196396672,0.044256384,2,75
"64","2014","NMFS","SBS","94","VST","E-10","24","2014-06-12","17:40:17","18:10:03",56.34819,-162.17874,56.32629,-162.1957,0.496,1.431426007,2.651,16.055,0.012408170697065,0.012408170697065,0.042561805,3.5,76
"65","2015","NMFS","SBS","162","AKK","E-10","29","2015-06-07","17:15:04","17:40:23",56.35048,-162.17668,56.33153,-162.19418,0.422,1.278618176,2.368,15.38,0.01061758521472,0.01061758521472,0.03641984,4.4,76
"66","2016","NMFS","SBS","162","AKK","E-10","3","2016-05-31","10:27:54","10:59:53",56.33056,-162.22099,56.32581,-162.17485,0.533,1.570194956,2.908,17.228,0.014605518763792,0.014605518763792,0.050099024,4.9,75
"67","2013","NMFS","SBS","89","ALD","E-11","12","2013-06-11","09:40:37","10:12:32",56.31591,-161.63167,56.34264,-161.62856,0.532,1.606912032,2.976,15.81,0.01371679090848,0.01371679090848,0.04705056,2.6,62
"68","2014","NMFS","SBS","162","AKK","E-11","12","2014-06-10","09:41:01","10:11:26",56.33421,-161.533,56.33165,-161.57785,0.507,1.508639858,2.794,15.457,0.012590394273314,0.012590394273314,0.043186858,4.6,61
"69","2015","NMFS","SBS","162","AKK","E-11","15","2015-06-04","18:09:45","18:41:33",56.32903,-161.60339,56.32572,-161.65115,0.53,1.611231688,2.984,16.114,0.014018124081808,0.014018124081808,0.048084176,4.8,61
"70","2016","NMFS","SBS","162","AKK","E-11","4","2016-05-31","13:35:53","14:07:48",56.33183,-161.63344,56.33093,-161.58534,0.532,1.610691731,2.983,16.477,0.014329106705903,0.014329106705903,0.049150891,5.4,61
"71","2013","NMFS","SBS","89","ALD","E-12","11","2013-06-11","06:29:11","06:59:33",56.33449,-160.98767,56.32543,-161.03104,0.506,1.54967659,2.87,14.706,0.01230450593526,0.01230450593526,0.04220622,2.9,51
"72","2014","NMFS","SBS","162","AKK","E-12","11","2014-06-10","07:05:57","07:36:01",56.33454,-160.9655,56.34299,-161.00634,0.501,1.4578839,2.7,14.695,0.0115670090745,0.0115670090745,0.0396765,5,52
"73","2015","NMFS","SBS","162","AKK","E-12","14","2015-06-04","15:15:21","15:46:08",56.34301,-160.99652,56.31789,-160.99556,0.513,1.507559944,2.792,15.483,0.012602544785688,0.012602544785688,0.043228536,5.3,50
"74","2016","NMFS","SBS","94","VST","E-12","2","2016-05-31","07:08:57","07:42:08",56.33665,-161.01089,56.32551,-160.96539,0.553,1.662527603,3.079,16.777,0.015059540305139,0.015059540305139,0.051656383,6.1,52
"75","2016","NMFS","SBS","94","VST","F-03","75","2016-06-21","07:06:01","07:37:02",56.65312,-166.44168,56.67865,-166.44082,0.517,1.531858009,2.837,15.834,0.013095970801914,0.013095970801914,0.044921058,4.6,83
"76","2016","NMFS","SBS","94","VST","F-04","60","2016-06-14","18:13:54","18:46:29",56.68264,-165.8443,56.65782,-165.8647,0.543,1.635529753,3.029,15.633,0.013804774693281,0.013804774693281,0.047352357,4.5,76
"77","2016","NMFS","SBS","94","VST","F-05","61","2016-06-15","07:03:46","07:35:41",56.67459,-165.20061,56.65511,-165.23201,0.532,1.5658753,2.9,16.231,0.0137224291567,0.0137224291567,0.0470699,4.5,74
"78","2016","NMFS","SBS","162","AKK","F-06","57","2016-06-12","14:14:42","14:44:42",56.68684,-164.57903,56.66697,-164.55154,0.5,1.500540503,2.779,16.808,0.013617340839256,0.013617340839256,0.046709432,4.7,73
"79","2016","NMFS","SBS","162","AKK","F-07","58","2016-06-13","07:25:16","07:56:06",56.67186,-164.02096,56.64691,-164.03232,0.514,1.543737063,2.859,16.84,0.01403601954348,0.01403601954348,0.04814556,4.8,73
"80","2016","NMFS","SBS","162","AKK","F-08","34","2016-06-07","07:11:29","07:42:59",56.65846,-163.38192,56.6851,-163.37933,0.525,1.600972505,2.965,16.982,0.01467916174879,0.01467916174879,0.05035163,4.7,73
"81","2013","NMFS","SBS","89","ALD","F-09","26","2013-06-14","08:57:41","09:28:28",56.67848,-162.78768,56.65277,-162.79364,0.513,1.554536203,2.879,15.605,0.013097643326735,0.013097643326735,0.044926795,1.3,69
"82","2014","NMFS","SBS","162","AKK","F-09","26","2014-06-13","07:08:30","07:38:12",56.68837,-162.79835,56.66429,-162.79182,0.495,1.460583685,2.705,16.378,0.01291563781717,0.01291563781717,0.04430249,3.4,70
"83","2015","NMFS","SBS","94","VST","F-09","24","2015-06-07","10:34:56","11:06:55",56.64779,-162.77401,56.67464,-162.77096,0.533,1.613931473,2.989,16.663,0.014520007178831,0.014520007178831,0.049805707,4.3,70
"84","2016","NMFS","SBS","162","AKK","F-09","25","2016-06-05","07:08:37","07:39:24",56.69197,-162.79034,56.66624,-162.78268,0.513,1.564795386,2.898,15.757,0.013312500523938,0.013312500523938,0.045663786,4.9,69
"85","2013","NMFS","SBS","162","AKK","F-10","23","2013-06-13","14:28:12","14:59:13",56.67517,-162.18089,56.64984,-162.18626,0.517,1.530238138,2.834,15.85,0.0130953416737,0.0130953416737,0.0449189,1.3,70
"86","2014","NMFS","SBS","94","VST","F-10","23","2014-06-12","14:58:15","15:28:55",56.68394,-162.17396,56.65847,-162.18301,0.511,1.557235988,2.884,15.57,0.01309096284804,0.01309096284804,0.04490388,3.7,67
"87","2015","NMFS","SBS","162","AKK","F-10","28","2015-06-07","14:43:35","15:13:35",56.67769,-162.18042,56.65284,-162.18149,0.5,1.491361234,2.762,15.278,0.012302061722588,0.012302061722588,0.042197836,4.4,69
"88","2016","NMFS","SBS","162","AKK","F-10","24","2016-06-04","17:04:26","17:35:49",56.68919,-162.17857,56.66327,-162.18652,0.523,1.577754354,2.922,15.716,0.013387822739016,0.013387822739016,0.045922152,5,67
"89","2013","NMFS","SBS","89","ALD","F-11","14","2013-06-11","14:03:24","14:20:37",56.6732,-161.57696,56.6857,-161.58497,0.287,0.795896618,1.474,15.02,0.00645438902284,0.00645438902284,0.02213948,1.6,87
"90","2014","NMFS","SBS","162","AKK","F-11","13","2014-06-10","12:32:40","13:02:04",56.65324,-161.5845,56.67674,-161.59236,0.49,1.434125792,2.656,14.77,0.01143658304096,0.01143658304096,0.03922912,3.5,87
"91","2015","NMFS","SBS","94","VST","F-11","12","2015-06-05","06:42:21","06:58:33",56.66233,-161.6001,56.67506,-161.60341,0.27,0.771058596,1.428,16.019,0.006668855857356,0.006668855857356,0.022875132,4.3,86
"92","2016","NMFS","SBS","162","AKK","F-11","5","2016-05-31","17:08:25","17:40:45",56.65349,-161.57424,56.67907,-161.55689,0.539,1.639849409,3.037,15.79,0.01398024053459,0.01398024053459,0.04795423,5,88
"93","2013","NMFS","SBS","162","AKK","F-12","12","2013-06-11","12:01:58","12:33:24",56.67129,-160.96972,56.67135,-161.01581,0.524,1.529158224,2.832,16.285,0.01344524541096,0.01344524541096,0.04611912,2.4,66
"94","2014","NMFS","SBS","94","VST","F-12","13","2014-06-10","15:01:53","15:32:29",56.65664,-160.97013,56.68112,-160.96192,0.51,1.494061019,2.767,15.208,0.012267864901688,0.012267864901688,0.042080536,4.2,67
"95","2015","NMFS","SBS","162","AKK","F-12","13","2015-06-04","12:37:17","13:08:40",56.66138,-160.97423,56.65909,-161.0196,0.523,1.5118796,2.8,16.149,0.0131823059676,0.0131823059676,0.0452172,4.5,66
"96","2016","NMFS","SBS","94","VST","F-12","3","2016-05-31","11:04:09","11:36:26",56.64691,-161.01462,56.67274,-161.01443,0.538,1.550216547,2.871,17.062,0.014280744588066,0.014280744588066,0.048985002,5.4,64
"97","2013","NMFS","SBS","162","AKK","F-13","11","2013-06-11","09:32:02","10:02:42",56.66678,-160.36897,56.66438,-160.4132,0.511,1.47408261,2.73,16.881,0.01343533620429,0.01343533620429,0.04608513,2.7,58
"98","2014","NMFS","SBS","94","VST","F-13","12","2014-06-10","12:20:37","12:51:17",56.66167,-160.33624,56.65588,-160.38275,0.511,1.58207401,2.93,15.714,0.01342276821666,0.01342276821666,0.04604202,5,55
"99","2015","NMFS","SBS","162","AKK","F-13","12","2015-06-04","09:46:07","10:17:23",56.67134,-160.36061,56.6701,-160.40606,0.521,1.509179815,2.795,15.618,0.01272608889123,0.01272608889123,0.04365231,4.7,59
"100","2016","NMFS","SBS","94","VST","F-13","4","2016-05-31","15:08:47","15:41:22",56.66951,-160.36641,56.67293,-160.31798,0.543,1.619331043,2.999,16.838,0.014721589129346,0.014721589129346,0.050497162,5.7,57
"101","2013","NMFS","SBS","162","AKK","F-14","10","2013-06-11","06:55:15","07:25:22",56.67677,-159.72109,56.66666,-159.76178,0.502,1.480022137,2.741,15.134,0.012093457616702,0.012093457616702,0.041482294,5.5,35
"102","2014","NMFS","SBS","94","VST","F-14","11","2014-06-10","09:38:54","10:09:12",56.69308,-159.6911,56.68462,-159.73439,0.505,1.522138783,2.819,14.707,0.012086676267589,0.012086676267589,0.041459033,5.9,35
"103","2015","NMFS","SBS","162","AKK","F-14","11","2015-06-04","07:07:36","07:38:26",56.6781,-159.74242,56.667,-159.78287,0.514,1.497840718,2.774,14.097,0.011400420704574,0.011400420704574,0.039105078,5.5,35
"104","2016","NMFS","SBS","94","VST","F-14","5","2016-06-01","07:13:18","07:44:48",56.65777,-159.71866,56.68407,-159.71343,0.525,1.588013537,2.941,14.294,0.012255654916582,0.012255654916582,0.042038654,6.6,33
"105","2016","NMFS","SBS","94","VST","G-03","76","2016-06-21","09:44:19","10:15:45",56.98994,-166.46035,57.01514,-166.46246,0.524,1.514039428,2.804,15.919,0.013013122370908,0.013013122370908,0.044636876,4.2,72
"106","2016","NMFS","SBS","94","VST","G-04","59","2016-06-14","15:33:01","16:04:56",57.00978,-165.8384,56.98446,-165.84931,0.532,1.561015687,2.891,15.457,0.013027498154671,0.013027498154671,0.044686187,4.2,70
"107","2016","NMFS","SBS","94","VST","G-05","58","2016-06-14","12:41:09","13:13:22",57.01507,-165.23326,56.98969,-165.2301,0.537,1.525918482,2.826,15.218,0.012537688022244,0.012537688022244,0.043006068,4.6,68
"108","2016","NMFS","SBS","162","AKK","G-06","56","2016-06-12","11:52:32","12:22:36",56.98825,-164.59095,56.9641,-164.60223,0.501,1.496220847,2.771,15.8,0.0127638394994,0.0127638394994,0.0437818,4.8,68
"109","2016","NMFS","SBS","162","AKK","G-07","55","2016-06-12","09:26:06","09:56:02",57.01783,-164.03588,56.99358,-164.04825,0.499,1.510799686,2.798,15.75,0.0128474220105,0.0128474220105,0.0440685,4.7,66
"110","2013","NMFS","SBS","89","ALD","G-08","30","2013-06-15","06:32:01","07:03:35",56.99188,-163.38963,57.01751,-163.39262,0.526,1.541037278,2.854,15.698,0.013061288287036,0.013061288287036,0.044802092,0,63
"111","2014","NMFS","SBS","94","VST","G-08","30","2014-06-14","06:57:46","07:27:46",56.99841,-163.36249,57.01333,-163.39974,0.5,1.51727917,2.81,16.644,0.01363489345812,0.01363489345812,0.04676964,3.8,64
"112","2015","NMFS","SBS","162","AKK","G-08","33","2015-06-08","14:45:02","15:15:06",56.98713,-163.38706,57.0112,-163.3925,0.501,1.455184115,2.695,16.453,0.012926816650055,0.012926816650055,0.044340835,4,64
"113","2016","NMFS","SBS","162","AKK","G-08","35","2016-06-07","09:59:30","10:30:02",57.0053,-163.35095,57.00735,-163.30428,0.509,1.539417407,2.851,16.188,0.013454827517604,0.013454827517604,0.046151988,4.9,64
"114","2013","NMFS","SBS","89","ALD","G-09","25","2013-06-14","06:25:35","06:56:54",57.00847,-162.78163,56.98407,-162.79957,0.522,1.578294311,2.923,15.543,0.013244982355737,0.013244982355737,0.045432189,0.9,58
"115","2014","NMFS","SBS","162","AKK","G-09","25","2014-06-12","17:28:57","17:59:44",57.0123,-162.79116,56.98776,-162.78879,0.513,1.474622567,2.731,16.198,0.012896468939354,0.012896468939354,0.044236738,4,58
"116","2015","NMFS","SBS","94","VST","G-09","22","2015-06-07","06:41:39","07:12:58",57.01088,-162.78702,56.98522,-162.7946,0.522,1.559935773,2.889,15.975,0.013454765421075,0.013454765421075,0.046151775,4.6,58
"117","2016","NMFS","SBS","162","AKK","G-09","36","2016-06-07","12:27:00","12:58:08",57.02995,-162.79867,57.05586,-162.79492,0.519,1.56047573,2.89,16.393,0.01381160035541,0.01381160035541,0.04737577,5.3,58
"118","2013","NMFS","SBS","162","AKK","G-10","22","2013-06-13","11:55:13","12:25:38",57.01265,-162.15689,56.98822,-162.16094,0.507,1.471922782,2.726,15.776,0.012537486281408,0.012537486281408,0.043005376,1.9,58
"119","2014","NMFS","SBS","94","VST","G-10","22","2014-06-12","12:14:08","12:44:22",57.0187,-162.15967,56.99405,-162.16683,0.504,1.497840718,2.774,16.164,0.013072029528888,0.013072029528888,0.044838936,4.3,57
"120","2015","NMFS","SBS","162","AKK","G-10","27","2015-06-07","12:08:13","12:39:03",57.0109,-162.16388,56.98562,-162.16791,0.514,1.52267874,2.82,16.02,0.0131704114212,0.0131704114212,0.0451764,4.9,59
"121","2016","NMFS","SBS","162","AKK","G-10","23","2016-06-04","14:33:16","15:05:22",57.02433,-162.17023,56.99796,-162.1858,0.535,1.663607517,3.081,15.97,0.01434446437281,0.01434446437281,0.04920357,5.6,55
"122","2013","NMFS","SBS","89","ALD","G-11","15","2013-06-11","16:36:20","17:08:33",56.98761,-161.56359,57.01343,-161.56443,0.537,1.549136633,2.869,15.777,0.013196011808529,0.013196011808529,0.045264213,2,66
"123","2014","NMFS","SBS","162","AKK","G-11","14","2014-06-10","15:58:14","16:28:18",56.99107,-161.55557,57.01549,-161.56251,0.501,1.480562094,2.742,16.198,0.012948413706228,0.012948413706228,0.044414916,3.6,66
"124","2015","NMFS","SBS","94","VST","G-11","13","2015-06-05","09:30:52","10:02:08",56.99129,-161.53084,57.01333,-161.5567,0.521,1.572354784,2.912,17.308,0.014693524413568,0.014693524413568,0.050400896,4.6,66
"125","2016","NMFS","SBS","162","AKK","G-11","6","2016-06-01","07:07:59","07:39:11",57.00243,-161.55269,57.00461,-161.50471,0.52,1.583153924,2.932,16.721,0.014292688695076,0.014292688695076,0.049025972,5.2,67
"126","2013","NMFS","SBS","162","AKK","G-12","13","2013-06-11","14:44:10","15:14:35",56.99905,-160.95312,57.02384,-160.95121,0.507,1.488661449,2.757,16.181,0.013005583619061,0.013005583619061,0.044611017,2.6,60
"127","2014","NMFS","SBS","94","VST","G-12","14","2014-06-10","17:35:47","18:05:51",56.97101,-160.97079,56.99625,-160.9691,0.501,1.515659299,2.807,16.842,0.013782366592302,0.013782366592302,0.047275494,4.3,61
"128","2015","NMFS","SBS","162","AKK","G-12","16","2015-06-05","07:07:42","07:39:01",57.00606,-160.9405,57.01316,-160.9852,0.522,1.530238138,2.834,16.404,0.013553058978888,0.013553058978888,0.046488936,4.4,61
"129","2016","NMFS","SBS","162","AKK","G-12","7","2016-06-01","09:59:13","10:30:25",56.99878,-160.96511,56.99706,-160.91827,0.52,1.543737063,2.859,16.276,0.013565929577772,0.013565929577772,0.046533084,5.4,63
"130","2013","NMFS","SBS","89","ALD","G-13","10","2013-06-10","16:36:46","17:09:06",57.01176,-160.33849,56.98508,-160.34586,0.539,1.619331043,2.999,15.863,0.013869139349021,0.013869139349021,0.047573137,3,61
"131","2014","NMFS","SBS","162","AKK","G-13","10","2014-06-09","17:44:11","18:14:47",57.0108,-160.32172,56.9857,-160.31861,0.51,1.509719772,2.796,15.204,0.012393179778672,0.012393179778672,0.042510384,5,60
"132","2015","NMFS","SBS","94","VST","G-13","11","2015-06-04","16:52:11","17:22:51",57.01555,-160.33359,56.98989,-160.33826,0.511,1.546976805,2.865,16.084,0.01343403305178,0.01343403305178,0.04608066,4.5,60
"133","2016","NMFS","SBS","162","AKK","G-13","8","2016-06-01","12:40:07","13:11:33",56.99672,-160.353,56.99168,-160.30729,0.524,1.53347788,2.84,15.667,0.01297155093124,0.01297155093124,0.04449428,5.5,59
"134","2013","NMFS","SBS","162","AKK","G-14","9","2013-06-10","15:38:08","16:08:58",57.01169,-159.68753,56.98663,-159.69034,0.514,1.50648003,2.79,16.012,0.01302379364484,0.01302379364484,0.04467348,3.5,53
"135","2014","NMFS","SBS","94","VST","G-14","10","2014-06-10","06:58:29","07:29:05",57.01005,-159.67703,56.98527,-159.66963,0.51,1.50648003,2.79,16.842,0.01369889661294,0.01369889661294,0.04698918,5.5,54
"136","2015","NMFS","SBS","162","AKK","G-14","10","2015-06-03","17:15:55","17:46:24",57.00945,-159.72035,56.98511,-159.72746,0.508,1.478942223,2.739,15.071,0.012034327435977,0.012034327435977,0.041279469,4.8,53
"137","2016","NMFS","SBS","94","VST","G-14","6","2016-06-01","09:52:16","10:25:12",56.98209,-159.68229,57.00891,-159.68228,0.549,1.60907186,2.98,16.44,0.0142825515096,0.0142825515096,0.0489912,5.8,54
"138","2013","NMFS","SBS","162","AKK","G-15","2","2013-06-09","06:55:45","07:25:41",56.98072,-159.15196,57.00332,-159.1347,0.499,1.470302911,2.723,15.164,0.012037855859876,0.012037855859876,0.041291572,4.7,31
"139","2014","NMFS","SBS","94","VST","G-15","2","2014-06-08","06:59:49","07:30:03",57.02103,-159.1238,57.02659,-159.07932,0.504,1.500000546,2.778,16.135,0.01306739240499,0.01306739240499,0.04482303,6.7,33
"140","2015","NMFS","SBS","94","VST","G-15","3","2015-06-03","07:13:54","07:45:20",56.97562,-159.14222,56.99538,-159.11239,0.524,1.539957364,2.852,14.088,0.011713497410208,0.011713497410208,0.040178976,6.5,29
"141","2016","NMFS","SBS","94","VST","G-15","7","2016-06-01","13:15:03","13:47:09",56.98888,-159.09618,57.01387,-159.10104,0.535,1.508099901,2.793,15.064,0.012265887141816,0.012265887141816,0.042073752,7.5,28
"142","2016","NMFS","SBS","94","VST","H-03","77","2016-06-21","12:20:06","12:50:42",57.32227,-166.48128,57.34698,-166.48766,0.51,1.496760804,2.772,15.381,0.012429839470356,0.012429839470356,0.042636132,4.2,68
"143","2016","NMFS","SBS","94","VST","H-04","56","2016-06-14","07:06:37","07:37:49",57.32324,-165.86486,57.34771,-165.86754,0.52,1.470302911,2.723,14.855,0.011792557952945,0.011792557952945,0.040450165,4.3,66
"144","2016","NMFS","SBS","94","VST","H-05","57","2016-06-14","09:52:23","10:23:46",57.33896,-165.27371,57.33786,-165.22827,0.523,1.482181965,2.745,14.097,0.011281238224245,0.011281238224245,0.038696265,4.8,64
"145","2016","NMFS","SBS","162","AKK","H-06","53","2016-06-11","17:05:12","17:35:55",57.34424,-164.60647,57.32141,-164.58331,0.512,1.563715472,2.896,16.189,0.013668041926352,0.013668041926352,0.046883344,4.8,64
"146","2016","NMFS","SBS","162","AKK","H-07","54","2016-06-12","07:06:42","07:37:14",57.33349,-163.99768,57.30837,-163.99455,0.509,1.510799686,2.798,16.27,0.01327159086418,0.01327159086418,0.04552346,4.9,60
"147","2013","NMFS","SBS","89","ALD","H-08","31","2013-06-15","09:13:27","09:43:49",57.32484,-163.38936,57.35021,-163.3984,0.506,1.550756504,2.872,15.221,0.012744281133496,0.012744281133496,0.043714712,0.7,51
"148","2014","NMFS","SBS","94","VST","H-08","31","2014-06-14","09:40:48","10:11:38",57.3239,-163.37485,57.34862,-163.38481,0.514,1.517819127,2.811,16.084,0.013180826146092,0.013180826146092,0.045212124,4.6,52
"149","2015","NMFS","SBS","162","AKK","H-08","34","2015-06-08","17:20:36","17:50:47",57.32878,-163.37537,57.35295,-163.38266,0.503,1.469762954,2.722,16.093,0.012770645628818,0.012770645628818,0.043805146,4.8,51
"150","2016","NMFS","SBS","162","AKK","H-08","38","2016-06-07","17:12:31","17:43:03",57.3288,-163.36938,57.35419,-163.37487,0.509,1.534017837,2.841,15.56,0.01288749613668,0.01288749613668,0.04420596,5.7,49
"151","2013","NMFS","SBS","89","ALD","H-09","24","2013-06-13","16:33:43","17:05:06",57.34115,-162.75783,57.31492,-162.76042,0.523,1.57667444,2.92,15.899,0.01353444284764,0.01353444284764,0.04642508,1.9,47
"152","2014","NMFS","SBS","162","AKK","H-09","24","2014-06-12","14:55:44","15:26:13",57.34342,-162.76235,57.31882,-162.76904,0.508,1.492441148,2.764,15.332,0.012354482854384,0.012354482854384,0.042377648,4.9,46
"153","2015","NMFS","SBS","94","VST","H-09","21","2015-06-06","17:48:28","18:18:28",57.34202,-162.76593,57.31725,-162.77417,0.5,1.510259729,2.797,15.742,0.012836307023342,0.012836307023342,0.044030374,5,46
"154","2016","NMFS","SBS","162","AKK","H-09","37","2016-06-07","14:54:46","15:25:33",57.30218,-162.79536,57.30258,-162.84393,0.513,1.584773795,2.935,15.924,0.01362536032902,0.01362536032902,0.04673694,5.9,47
"155","2013","NMFS","SBS","162","AKK","H-10","21","2013-06-13","09:28:07","09:57:56",57.33475,-162.14635,57.31073,-162.15413,0.497,1.46328347,2.71,15.776,0.01246389868768,0.01246389868768,0.04275296,2.1,48
"156","2014","NMFS","SBS","94","VST","H-10","21","2014-06-12","09:34:20","10:04:06",57.35952,-162.14301,57.33457,-162.1389,0.496,1.502700331,2.783,17.545,0.014234896067755,0.014234896067755,0.048827735,4.8,50
"157","2016","NMFS","SBS","162","AKK","H-10","22","2016-06-04","12:01:38","12:33:12",57.36873,-162.14956,57.34216,-162.14979,0.526,1.593953064,2.952,15.76,0.01356314135616,0.01356314135616,0.04652352,6,49
"158","2013","NMFS","SBS","89","ALD","H-11","16","2013-06-12","08:04:28","08:34:50",57.32591,-161.54487,57.35129,-161.55012,0.506,1.532937923,2.839,15.31,0.01267150808297,0.01267150808297,0.04346509,2.4,54
"159","2014","NMFS","SBS","162","AKK","H-11","15","2014-06-10","18:33:43","19:03:32",57.32269,-161.52334,57.34717,-161.52304,0.497,1.46868304,2.72,15.099,0.01197305040624,0.01197305040624,0.04106928,4.5,54
"160","2015","NMFS","SBS","94","VST","H-11","14","2015-06-05","12:28:08","12:57:00",57.31732,-161.50487,57.33826,-161.52717,0.481,1.451944373,2.689,17.008,0.013333119486896,0.013333119486896,0.045734512,4.9,55
"161","2016","NMFS","SBS","162","AKK","H-11","17","2016-06-03","12:47:15","13:19:32",57.32001,-161.5318,57.34479,-161.55185,0.538,1.624190656,3.008,16.195,0.01420190182048,0.01420190182048,0.04871456,5.8,53
"162","2013","NMFS","SBS","162","AKK","H-12","14","2013-06-11","17:11:28","17:41:50",57.31772,-160.93286,57.34218,-160.93469,0.506,1.46868304,2.72,16.032,0.01271289119232,0.01271289119232,0.04360704,2.6,60
"163","2014","NMFS","SBS","94","VST","H-12","15","2014-06-11","06:54:49","07:25:00",57.32142,-160.93485,57.34609,-160.93735,0.503,1.482181965,2.745,16.842,0.01347794666757,0.01347794666757,0.04623129,4.2,61
"164","2015","NMFS","SBS","162","AKK","H-12","17","2015-06-05","10:03:33","10:35:46",57.32409,-160.92728,57.34997,-160.92107,0.537,1.566415257,2.901,17.082,0.014446883414106,0.014446883414106,0.049554882,4.2,63
"165","2016","NMFS","SBS","162","AKK","H-12","16","2016-06-03","09:46:04","10:17:38",57.34851,-160.92583,57.3223,-160.9287,0.526,1.576134483,2.919,15.391,0.013097507472357,0.013097507472357,0.044926329,5.7,61
"166","2013","NMFS","SBS","89","ALD","H-13","9","2013-06-10","14:03:23","14:36:09",57.34966,-160.29121,57.32144,-160.29305,0.546,1.694385066,3.138,17.507,0.016015938508878,0.016015938508878,0.054936966,3.1,61
"167","2014","NMFS","SBS","162","AKK","H-13","9","2014-06-09","15:08:48","15:39:53",57.339,-160.2917,57.31406,-160.29743,0.518,1.508099901,2.793,15.162,0.012345683805378,0.012345683805378,0.042347466,4.7,58
"168","2015","NMFS","SBS","94","VST","H-13","10","2015-06-04","14:14:50","14:44:57",57.34999,-160.30041,57.32525,-160.30135,0.502,1.48488175,2.75,16.163,0.01295813166725,0.01295813166725,0.04444825,4.5,59
"169","2016","NMFS","SBS","162","AKK","H-13","9","2016-06-01","15:33:14","16:05:16",57.3211,-160.3032,57.34762,-160.30324,0.534,1.591793236,2.948,15.705,0.01349749395522,0.01349749395522,0.04629834,5.8,58
"170","2013","NMFS","SBS","162","AKK","H-14","8","2013-06-10","13:02:11","13:33:01",57.34284,-159.66922,57.31874,-159.65576,0.514,1.510799686,2.798,16.089,0.013123947474726,0.013123947474726,0.045017022,3.4,54
"171","2014","NMFS","SBS","94","VST","H-14","9","2014-06-09","16:05:54","16:36:52",57.32628,-159.67788,57.3011,-159.68448,0.516,1.526458439,2.827,15.824,0.013041567828784,0.013041567828784,0.044734448,5.1,53
"172","2015","NMFS","SBS","162","AKK","H-14","9","2015-06-03","14:50:51","15:21:23",57.33951,-159.66563,57.31425,-159.67403,0.509,1.540497321,2.853,15.095,0.012555170381655,0.012555170381655,0.043066035,4.8,53
"173","2016","NMFS","SBS","162","AKK","H-14","10","2016-06-02","07:04:23","07:36:40",57.32307,-159.66967,57.35018,-159.66254,0.538,1.643089151,3.043,16.136,0.014314809052984,0.014314809052984,0.049101848,6.1,54
"174","2013","NMFS","SBS","89","ALD","H-15","2","2013-06-09","06:27:28","06:59:12",57.3252,-159.06668,57.35135,-159.06894,0.529,1.570734913,2.909,15.348,0.013016170639956,0.013016170639956,0.044647332,3.4,47
"175","2014","NMFS","SBS","162","AKK","H-15","3","2014-06-08","07:10:34","07:40:59",57.32274,-159.0649,57.34781,-159.0637,0.507,1.504860159,2.787,15.336,0.012460537895256,0.012460537895256,0.042741432,5.5,48
"176","2015","NMFS","SBS","94","VST","H-15","4","2015-06-03","10:00:00","10:30:18",57.31682,-159.09144,57.33696,-159.0627,0.505,1.529158224,2.832,15.298,0.012630357033888,0.012630357033888,0.043323936,5,46
"177","2016","NMFS","SBS","94","VST","H-15","8","2016-06-01","16:00:58","16:32:39",57.30755,-159.07616,57.32851,-159.04782,0.528,1.56047573,2.89,15.245,0.01284437549065,0.01284437549065,0.04405805,6.4,45
"178","2013","NMFS","SBS","162","AKK","H-16","3","2013-06-09","10:52:41","11:23:06",57.32085,-158.42136,57.34384,-158.40323,0.507,1.50108046,2.78,15.073,0.01221608980702,0.01221608980702,0.04190294,5.2,29
"179","2014","NMFS","SBS","94","VST","H-16","3","2014-06-08","10:40:09","11:10:20",57.30759,-158.43212,57.32967,-158.41258,0.503,1.470302911,2.723,15.668,0.012437953416812,0.012437953416812,0.042663964,6.9,30
"180","2015","NMFS","SBS","162","AKK","H-16","3","2015-06-02","12:17:46","12:49:12",57.32491,-158.41335,57.34695,-158.39017,0.524,1.523218697,2.821,14.004,0.011517093960372,0.011517093960372,0.039505284,5.8,29
"181","2016","NMFS","SBS","94","VST","H-16","9","2016-06-02","07:05:22","07:34:46",57.32052,-158.3823,57.34262,-158.35905,0.49,1.527538353,2.829,14.49,0.01195058195793,0.01195058195793,0.04099221,7.3,27
"182","2016","NMFS","SBS","94","VST","I-03","78","2016-06-21","14:56:57","15:27:40",57.65421,-166.49964,57.67872,-166.50646,0.512,1.487041578,2.754,15.815,0.01269757696383,0.01269757696383,0.04355451,4.6,64
"183","2016","NMFS","SBS","94","VST","I-04","55","2016-06-13","16:12:39","16:44:02",57.67623,-165.87267,57.65317,-165.89485,0.523,1.558315902,2.886,15.24,0.01282239098712,0.01282239098712,0.04398264,4.7,62
"184","2016","NMFS","SBS","94","VST","I-05","54","2016-06-13","13:08:43","13:40:09",57.68193,-165.25768,57.6576,-165.24879,0.524,1.487581535,2.755,15.264,0.01225963900656,0.01225963900656,0.04205232,4.9,58
"185","2016","NMFS","SBS","162","AKK","I-06","52","2016-06-11","14:29:20","14:59:24",57.66271,-164.59384,57.65484,-164.63818,0.501,1.508099901,2.793,15.77,0.01284074882013,0.01284074882013,0.04404561,5.5,52
"186","2016","NMFS","SBS","162","AKK","I-07","51","2016-06-11","12:05:33","12:35:51",57.68092,-164.01717,57.65943,-164.04134,0.505,1.507559944,2.792,15.788,0.012850802627168,0.012850802627168,0.044080096,6,49
"187","2013","NMFS","SBS","89","ALD","I-08","32","2013-06-15","11:45:33","12:16:31",57.65703,-163.39261,57.68276,-163.39993,0.516,1.561555644,2.892,15.306,0.012904694251416,0.012904694251416,0.044264952,1.8,44
"188","2014","NMFS","SBS","94","VST","I-08","32","2014-06-14","12:17:43","12:48:01",57.64486,-163.36839,57.67066,-163.36767,0.505,1.548056719,2.867,16.238,0.013572128152418,0.013572128152418,0.046554346,4.7,45
"189","2015","NMFS","SBS","162","AKK","I-08","35","2015-06-09","06:58:28","07:28:42",57.64868,-163.35501,57.66579,-163.38971,0.504,1.520518912,2.816,15.646,0.012844692095488,0.012844692095488,0.044059136,4.9,44
"190","2016","NMFS","SBS","162","AKK","I-08","39","2016-06-08","07:07:24","07:37:53",57.67081,-163.35056,57.6715,-163.30364,0.508,1.516199256,2.808,15.113,0.012371874547032,0.012371874547032,0.042437304,6.7,44
"191","2013","NMFS","SBS","89","ALD","I-09","23","2013-06-13","14:03:00","14:34:44",57.68146,-162.76629,57.65479,-162.76512,0.529,1.600432548,2.964,15.794,0.013647655606728,0.013647655606728,0.046813416,2.6,42
"192","2014","NMFS","SBS","162","AKK","I-09","23","2014-06-12","12:24:04","12:54:58",57.67523,-162.75278,57.65055,-162.76147,0.515,1.507559944,2.792,15.272,0.012430799196992,0.012430799196992,0.042639424,4.9,41
"193","2015","NMFS","SBS","94","VST","I-09","20","2015-06-06","15:20:30","15:50:30",57.67337,-162.74425,57.64801,-162.74251,0.5,1.52267874,2.82,15.873,0.01304955933138,0.01304955933138,0.04476186,5.2,40
"194","2016","NMFS","SBS","162","AKK","I-09","40","2016-06-08","09:38:21","10:09:08",57.67485,-162.76628,57.68126,-162.71911,0.513,1.57127487,2.91,15.018,0.01274068594854,0.01274068594854,0.04370238,7,42
"195","2013","NMFS","SBS","162","AKK","I-10","20","2013-06-13","06:52:04","07:22:26",57.6833,-162.12949,57.65852,-162.13136,0.506,1.488121492,2.756,16.238,0.013046663825624,0.013046663825624,0.044751928,2.4,45
"196","2014","NMFS","SBS","94","VST","I-10","20","2014-06-12","06:56:55","07:27:09",57.6861,-162.13556,57.66145,-162.13534,0.504,1.478942223,2.739,17.602,0.014055353428974,0.014055353428974,0.048211878,5,46
"197","2015","NMFS","SBS","162","AKK","I-10","25","2015-06-07","07:02:23","07:33:28",57.67617,-162.12482,57.65348,-162.14524,0.518,1.512419557,2.801,15.733,0.012847315017889,0.012847315017889,0.044068133,5.3,45
"198","2016","NMFS","SBS","162","AKK","I-10","21","2016-06-04","09:37:39","10:09:16",57.67363,-162.12356,57.64708,-162.12192,0.527,1.593953064,2.952,15.249,0.013123371988584,0.013123371988584,0.045015048,6.5,45
"199","2013","NMFS","SBS","89","ALD","I-11","17","2013-06-12","10:47:28","11:17:57",57.65801,-161.51328,57.68368,-161.51914,0.508,1.551836418,2.874,15.265,0.01279002207813,0.01279002207813,0.04387161,1.9,51
"200","2014","NMFS","SBS","162","AKK","I-11","16","2014-06-11","07:08:20","07:38:13",57.66237,-161.50305,57.68685,-161.50497,0.498,1.470842868,2.724,14.537,0.011544353462004,0.011544353462004,0.039598788,4.8,51
"201","2015","NMFS","SBS","94","VST","I-11","15","2015-06-05","15:32:41","16:02:01",57.65249,-161.47189,57.6741,-161.48991,0.489,1.421166824,2.632,16.979,0.013028238940024,0.013028238940024,0.044688728,3.9,50
"202","2016","NMFS","SBS","162","AKK","I-11","18","2016-06-03","15:28:28","15:59:44",57.64889,-161.51487,57.67462,-161.52039,0.521,1.553996246,2.878,16.016,0.013437936095584,0.013437936095584,0.046094048,6,50
"203","2013","NMFS","SBS","162","AKK","I-12","15","2013-06-12","06:52:34","07:23:32",57.65996,-160.87943,57.68463,-160.88171,0.516,1.482181965,2.745,15.66,0.0125320416111,0.0125320416111,0.0429867,2.1,55
"204","2014","NMFS","SBS","94","VST","I-12","16","2014-06-11","09:25:51","09:56:34",57.65115,-160.88159,57.6761,-160.874,0.512,1.51727917,2.81,16.842,0.01379709658866,0.01379709658866,0.04732602,4.8,55
"205","2015","NMFS","SBS","162","AKK","I-12","18","2015-06-05","12:52:46","13:24:45",57.65743,-160.88293,57.6833,-160.87576,0.533,1.570194956,2.908,16.323,0.013838279706372,0.013838279706372,0.047467284,3.3,55
"206","2016","NMFS","SBS","162","AKK","I-12","15","2016-06-03","07:05:21","07:37:52",57.68723,-160.8823,57.66003,-160.88046,0.542,1.633369925,3.025,16.228,0.0143112675101,0.0143112675101,0.0490897,5.9,54
"207","2013","NMFS","SBS","89","ALD","I-13","8","2013-06-10","11:35:21","12:05:14",57.67621,-160.27017,57.65077,-160.26739,0.498,1.529158224,2.832,15.29,0.01262375206224,0.01262375206224,0.04330128,2.5,53
"208","2014","NMFS","SBS","162","AKK","I-13","8","2014-06-09","12:34:43","13:04:54",57.67458,-160.25941,57.64991,-160.26617,0.503,1.496760804,2.772,15.01,0.01213002343476,0.01213002343476,0.04160772,5,52
"209","2015","NMFS","SBS","94","VST","I-13","9","2015-06-04","11:36:07","12:07:44",57.67938,-160.24489,57.65277,-160.24041,0.527,1.603132333,2.969,16.207,0.014028154857739,0.014028154857739,0.048118583,4.6,52
"210","2016","NMFS","SBS","162","AKK","I-13","12","2016-06-02","12:23:54","12:56:36",57.66506,-160.26579,57.66266,-160.31769,0.545,1.682506012,3.116,14.935,0.01356720532618,0.01356720532618,0.04653746,6,52
"211","2013","NMFS","SBS","162","AKK","I-14","7","2013-06-10","10:30:35","11:00:49",57.66293,-159.64901,57.64411,-159.61842,0.504,1.500540503,2.779,17.985,0.014570911172895,0.014570911172895,0.049980315,3.2,48
"212","2014","NMFS","SBS","94","VST","I-14","8","2014-06-09","13:22:37","13:52:26",57.67653,-159.62787,57.65233,-159.64041,0.497,1.507559944,2.792,16.239,0.013217898648504,0.013217898648504,0.045339288,5.7,47
"213","2015","NMFS","SBS","162","AKK","I-14","8","2015-06-03","12:21:06","12:52:11",57.66752,-159.62596,57.64183,-159.62512,0.518,1.541577235,2.855,15.069,0.012542331268335,0.012542331268335,0.043021995,4.6,48
"214","2016","NMFS","SBS","162","AKK","I-14","11","2016-06-02","09:38:14","10:09:58",57.65628,-159.64225,57.68251,-159.63611,0.529,1.586393666,2.938,14.723,0.012610602174742,0.012610602174742,0.043256174,6.4,49
"215","2013","NMFS","SBS","89","ALD","I-15","3","2013-06-09","09:09:52","09:41:40",57.66152,-159.01978,57.68777,-159.01757,0.53,1.57667444,2.92,16.926,0.01440870366936,0.01440870366936,0.04942392,3.5,45
"216","2014","NMFS","SBS","162","AKK","I-15","4","2014-06-08","10:02:35","10:33:04",57.65961,-159.02692,57.68011,-159.05448,0.508,1.518359084,2.812,15.272,0.012519845036512,0.012519845036512,0.042944864,5.5,46
"217","2015","NMFS","SBS","94","VST","I-15","5","2015-06-03","12:38:05","13:08:01",57.65673,-159.02884,57.67384,-158.99491,0.499,1.501620417,2.781,16.654,0.013502285008542,0.013502285008542,0.046314774,5.1,46
"218","2016","NMFS","SBS","94","VST","I-15","12","2016-06-02","16:36:46","17:08:52",57.66418,-159.0456,57.68172,-159.01088,0.535,1.538337493,2.849,16.224,0.013475289635808,0.013475289635808,0.046222176,6.6,42
"219","2013","NMFS","SBS","162","AKK","I-16","4","2013-06-09","13:33:39","14:03:46",57.65644,-158.35557,57.68079,-158.35554,0.502,1.461123642,2.706,16.396,0.012934612534008,0.012934612534008,0.044367576,4.3,34
"220","2014","NMFS","SBS","94","VST","I-16","4","2014-06-08","13:47:25","14:17:43",57.64955,-158.35498,57.67398,-158.36066,0.505,1.476782395,2.735,15.231,0.012144327501405,0.012144327501405,0.041656785,6.7,32
"221","2015","NMFS","SBS","162","AKK","I-16","4","2015-06-02","15:03:08","15:34:27",57.66076,-158.36124,57.68636,-158.36015,0.522,1.536717622,2.846,14.539,0.012063050724802,0.012063050724802,0.041377994,5.8,33
"222","2016","NMFS","SBS","94","VST","I-16","10","2016-06-02","09:29:42","10:01:52",57.65535,-158.36929,57.68083,-158.35607,0.536,1.58747358,2.94,14.889,0.01276146642078,0.01276146642078,0.04377366,6.9,35
"223","2016","NMFS","SBS","94","VST","J-03","79","2016-06-21","17:28:50","18:00:06",57.98708,-166.52006,58.01266,-166.53038,0.521,1.569654999,2.907,15.927,0.013497916386537,0.013497916386537,0.046299789,4.9,59
"224","2016","NMFS","SBS","94","VST","J-04","52","2016-06-13","07:06:12","07:38:54",57.99794,-165.89732,58.02391,-165.89955,0.545,1.559935773,2.889,14.613,0.012307636125081,0.012307636125081,0.042216957,5.4,53
"225","2016","NMFS","SBS","94","VST","J-05","53","2016-06-13","10:16:01","10:47:09",58.00535,-165.27337,58.00204,-165.22794,0.519,1.467063169,2.717,14.08,0.01115269986688,0.01115269986688,0.03825536,6,48
"226","2016","NMFS","SBS","162","AKK","J-06","49","2016-06-11","07:07:39","07:38:29",57.99614,-164.62328,57.99215,-164.57661,0.514,1.513499471,2.803,15.489,0.012657099647511,0.012657099647511,0.043415667,6.9,42
"227","2016","NMFS","SBS","162","AKK","J-07","50","2016-06-11","09:39:26","10:10:02",57.9864,-164.0301,57.96336,-164.01228,0.51,1.495140933,2.769,15.938,0.012866028229626,0.012866028229626,0.044132322,7.3,44
"228","2013","NMFS","SBS","89","ALD","J-08","33","2013-06-15","14:12:55","14:44:14",57.99037,-163.38689,58.01606,-163.38434,0.522,1.543737063,2.859,15.924,0.013272540095628,0.013272540095628,0.045526716,2.4,42
"229","2014","NMFS","SBS","94","VST","J-08","33","2014-06-14","15:02:35","15:33:07",57.9657,-163.36733,57.99116,-163.37431,0.509,1.543737063,2.859,17.969,0.014977032967743,0.014977032967743,0.051373371,4.7,41
"230","2015","NMFS","SBS","162","AKK","J-08","36","2015-06-09","09:39:10","10:10:04",57.98922,-163.38046,58.01336,-163.39471,0.515,1.518359084,2.812,15.663,0.012840383237748,0.012840383237748,0.044044356,5.2,41
"231","2016","NMFS","SBS","162","AKK","J-08","42","2016-06-08","14:33:34","15:04:28",58.01361,-163.33655,58.03886,-163.33562,0.515,1.515119342,2.806,15.246,0.012471862203108,0.012471862203108,0.042780276,7.2,41
"232","2013","NMFS","SBS","89","ALD","J-09","22","2013-06-13","11:29:25","11:59:29",58.01696,-162.75418,57.99275,-162.76751,0.501,1.514039428,2.804,14.373,0.011749331480436,0.011749331480436,0.040301892,3.2,39
"233","2014","NMFS","SBS","162","AKK","J-09","22","2014-06-12","09:46:07","10:16:00",58.0218,-162.74605,57.99671,-162.74769,0.498,1.507559944,2.792,14.487,0.011791840490232,0.011791840490232,0.040447704,4.7,39
"234","2015","NMFS","SBS","94","VST","J-09","19","2015-06-06","12:45:36","13:16:34",58.02298,-162.74502,57.99652,-162.74188,0.516,1.590713322,2.946,15.801,0.013570787100618,0.013570787100618,0.046549746,4.8,39
"235","2016","NMFS","SBS","162","AKK","J-09","41","2016-06-08","11:54:51","12:26:50",57.97564,-162.74667,58.00196,-162.75257,0.533,1.590173365,2.945,15.447,0.013262248689195,0.013262248689195,0.045491415,6.9,40
"236","2013","NMFS","SBS","89","ALD","J-10","19","2013-06-12","15:52:22","16:23:05",58.00087,-162.08716,58.00362,-162.1358,0.512,1.565335343,2.899,14.33,0.01211105921311,0.01211105921311,0.04154267,3.2,35
"237","2014","NMFS","SBS","162","AKK","J-10","18","2014-06-11","12:19:46","12:49:57",57.99865,-162.09189,57.99973,-162.13903,0.503,1.510259729,2.797,13.956,0.011379970830756,0.011379970830756,0.039034932,5.6,35
"238","2015","NMFS","SBS","162","AKK","J-10","24","2015-06-06","17:37:03","18:06:52",58.01244,-162.11813,57.98841,-162.11974,0.497,1.442765104,2.672,14.844,0.011563122356544,0.011563122356544,0.039663168,4.3,34
"239","2016","NMFS","SBS","162","AKK","J-10","20","2016-06-04","07:05:20","07:36:25",57.99027,-162.11432,57.96436,-162.11674,0.518,1.556696031,2.883,14.238,0.011966891480082,0.011966891480082,0.041048154,6.5,35
"240","2013","NMFS","SBS","89","ALD","J-11","18","2013-06-12","13:13:49","13:44:18",57.98759,-161.47647,58.01295,-161.48371,0.508,1.539957364,2.852,14.379,0.011955449975964,0.011955449975964,0.041008908,2.9,53
"241","2014","NMFS","SBS","162","AKK","J-11","17","2014-06-11","09:32:55","10:04:14",57.97429,-161.48793,57.99871,-161.499,0.522,1.507559944,2.792,15.298,0.012451962160528,0.012451962160528,0.042712016,5.1,53
"242","2015","NMFS","SBS","94","VST","J-11","16","2015-06-05","18:46:02","19:17:57",57.98757,-161.43394,58.00239,-161.47256,0.532,1.52267874,2.82,16.239,0.01335045637134,0.01335045637134,0.04579398,4.2,51
"243","2016","NMFS","SBS","162","AKK","J-11","19","2016-06-03","18:01:48","18:33:04",57.96511,-161.51197,57.98424,-161.54488,0.521,1.558855859,2.887,15.684,0.013200529112364,0.013200529112364,0.045279708,6.1,50
"244","2013","NMFS","SBS","162","AKK","J-12","16","2013-06-12","09:26:46","09:57:51",57.99174,-160.86125,58.0144,-160.88153,0.518,1.50648003,2.79,15.538,0.01263825291366,0.01263825291366,0.04335102,3.3,43
"245","2014","NMFS","SBS","94","VST","J-12","17","2014-06-11","12:29:10","12:59:39",57.98898,-160.83903,58.01447,-160.83984,0.508,1.529698181,2.833,15.602,0.012885894454378,0.012885894454378,0.044200466,5.1,43
"246","2015","NMFS","SBS","162","AKK","J-12","19","2015-06-05","15:35:24","16:06:40",57.98757,-160.84411,58.01348,-160.83653,0.521,1.573434698,2.914,16.272,0.013823505980064,0.013823505980064,0.047416608,3.8,43
"247","2016","NMFS","SBS","162","AKK","J-12","14","2016-06-02","17:45:32","18:13:40",57.9995,-160.8396,58.00212,-160.88283,0.469,1.39308906,2.58,14.801,0.01113264822714,0.01113264822714,0.03818658,5.8,41
"248","2013","NMFS","SBS","89","ALD","J-13","7","2013-06-10","09:06:47","09:37:55",58.00647,-160.22813,57.98296,-160.24975,0.519,1.57127487,2.91,15.901,0.01348978873803,0.01348978873803,0.04627191,2.6,49
"249","2014","NMFS","SBS","162","AKK","J-13","7","2014-06-09","09:59:51","10:30:05",57.99749,-160.20786,57.97501,-160.22759,0.504,1.489201406,2.758,14.687,0.011809053181618,0.011809053181618,0.040506746,4.7,49
"250","2015","NMFS","SBS","94","VST","J-13","8","2015-06-04","09:01:39","09:32:22",58.01148,-160.21068,57.98663,-160.21623,0.512,1.502160374,2.782,15.477,0.012552540462462,0.012552540462462,0.043057014,4.4,48
"251","2016","NMFS","SBS","162","AKK","J-13","13","2016-06-02","15:16:52","15:48:22",57.97504,-160.22958,58.0008,-160.22538,0.525,1.551296461,2.873,14.889,0.012470643886701,0.012470643886701,0.042776097,5.9,47
"252","2013","NMFS","SBS","162","AKK","J-14","6","2013-06-10","06:56:09","07:26:41",58.00469,-159.66098,57.99526,-159.61803,0.509,1.486501621,2.753,17.187,0.013794120328263,0.013794120328263,0.047315811,3.4,41
"253","2014","NMFS","SBS","94","VST","J-14","7","2014-06-09","10:18:24","10:49:04",58.02316,-159.55981,57.998,-159.56347,0.511,1.514039428,2.804,15.875,0.0129771541955,0.0129771541955,0.0445135,5.7,40
"254","2015","NMFS","SBS","162","AKK","J-14","7","2015-06-03","09:44:53","10:16:52",58.00055,-159.5844,57.97438,-159.58625,0.533,1.57127487,2.91,14.7,0.012470907141,0.012470907141,0.042777,5.3,39
"255","2016","NMFS","SBS","94","VST","J-14","14","2016-06-03","14:16:51","14:49:55",58.02,-159.61411,57.99325,-159.63302,0.551,1.715443389,3.177,15.9,0.0147265854219,0.0147265854219,0.0505143,6.8,40
"256","2013","NMFS","SBS","89","ALD","J-15","4","2013-06-09","11:45:31","12:15:49",57.99322,-158.97341,58.01873,-158.95865,0.505,1.602052419,2.967,15.771,0.013641574519881,0.013641574519881,0.046792557,4,39
"257","2014","NMFS","SBS","162","AKK","J-15","5","2014-06-08","13:08:23","13:38:16",57.98631,-158.97425,57.98656,-159.01915,0.498,1.437905491,2.663,14.402,0.011181026962358,0.011181026962358,0.038352526,6,38
"258","2015","NMFS","SBS","94","VST","J-15","6","2015-06-03","15:22:52","15:54:04",57.99365,-158.98267,58.01932,-158.97804,0.52,1.547516762,2.866,15.828,0.013224825472584,0.013224825472584,0.045363048,5.6,39
"259","2016","NMFS","SBS","94","VST","J-15","13","2016-06-03","07:09:02","07:41:40",57.98912,-158.96512,58.01444,-158.98268,0.544,1.619871,3,16.2,0.0141685038,0.0141685038,0.0486,7.1,40
"260","2013","NMFS","SBS","162","AKK","J-16","5","2013-06-09","16:10:59","16:41:24",57.99013,-158.3154,58.01423,-158.30597,0.507,1.477322352,2.736,15.164,0.012095326343232,0.012095326343232,0.041488704,4.6,33
"261","2014","NMFS","SBS","94","VST","J-16","5","2014-06-08","17:09:23","17:39:52",57.98287,-158.30857,57.98607,-158.35522,0.508,1.505940073,2.789,15.231,0.012384105814047,0.012384105814047,0.042479259,7,32
"262","2015","NMFS","SBS","162","AKK","J-16","5","2015-06-02","17:47:57","18:18:58",57.9843,-158.34245,58.0094,-158.34892,0.517,1.519978955,2.815,14.228,0.01167642724006,0.01167642724006,0.04005182,6,31
"263","2016","NMFS","SBS","94","VST","J-16","11","2016-06-02","13:19:51","13:52:29",58.00433,-158.31579,57.98359,-158.35275,0.544,1.71706326,3.18,15.109,0.01400717526846,0.01400717526846,0.04804662,7.6,32
"264","2016","NMFS","SBS","94","VST","K-03","80","2016-06-22","07:06:18","07:37:30",58.33423,-166.55549,58.36011,-166.5496,0.52,1.564255429,2.897,15.691,0.013252165145791,0.013252165145791,0.045456827,6.3,45
"265","2016","NMFS","SBS","94","VST","K-04","51","2016-06-12","16:36:03","17:07:58",58.34257,-165.90159,58.3276,-165.94428,0.532,1.624730613,3.009,15.91,0.01395661470027,0.01395661470027,0.04787319,6.4,42
"266","2016","NMFS","SBS","94","VST","K-05","50","2016-06-12","13:31:46","14:03:41",58.34983,-165.27875,58.32495,-165.28424,0.532,1.503240288,2.784,16.068,0.013041236647296,0.013041236647296,0.044733312,6.7,43
"267","2016","NMFS","SBS","162","AKK","K-06","48","2016-06-10","17:18:53","17:49:36",58.33143,-164.61882,58.33017,-164.66803,0.512,1.562635558,2.894,16.186,0.013656071581372,0.013656071581372,0.046842284,7.1,42
"268","2016","NMFS","SBS","162","AKK","K-07","47","2016-06-10","14:38:22","15:09:20",58.34659,-163.99598,58.32043,-163.99196,0.516,1.575054569,2.917,16.451,0.013989959370211,0.013989959370211,0.047987567,7.6,40
"269","2013","NMFS","SBS","89","ALD","K-08","34","2013-06-15","16:41:07","17:11:47",58.32038,-163.3598,58.34631,-163.35568,0.511,1.561555644,2.892,16.595,0.01399146747042,0.01399146747042,0.04799274,2.8,36
"270","2014","NMFS","SBS","94","VST","K-08","34","2014-06-14","17:57:36","18:27:29",58.31563,-163.39751,58.33402,-163.36392,0.498,1.534017837,2.841,15.848,0.013126030769544,0.013126030769544,0.045024168,4.8,35
"271","2015","NMFS","SBS","162","AKK","K-08","37","2015-06-09","12:06:19","12:36:23",58.32543,-163.3565,58.34901,-163.36757,0.501,1.4578839,2.7,14.466,0.0113867542206,0.0113867542206,0.0390582,5,34
"272","2016","NMFS","SBS","162","AKK","K-08","43","2016-06-08","16:53:13","17:23:45",58.30485,-163.35426,58.32993,-163.36405,0.509,1.536717622,2.846,13.499,0.011200159690082,0.011200159690082,0.038418154,7.6,34
"273","2013","NMFS","SBS","89","ALD","K-09","21","2013-06-13","08:53:13","09:24:29",58.3461,-162.72035,58.32077,-162.72799,0.521,1.53887745,2.85,14.173,0.01177590704565,0.01177590704565,0.04039305,3.3,30
"274","2014","NMFS","SBS","162","AKK","K-09","21","2014-06-12","07:06:21","07:36:50",58.35091,-162.73068,58.32621,-162.72636,0.508,1.488661449,2.757,14.087,0.011322517547847,0.011322517547847,0.038837859,5.5,30
"275","2015","NMFS","SBS","94","VST","K-09","18","2015-06-06","10:03:41","10:34:03",58.34419,-162.71306,58.31943,-162.72095,0.506,1.50648003,2.79,15.064,0.01225271218248,0.01225271218248,0.04202856,4.8,30
"276","2016","NMFS","SBS","94","VST","K-09","23","2016-06-05","07:07:29","07:39:39",58.32395,-162.72951,58.35073,-162.73742,0.536,1.625810527,3.011,13.481,0.011833700839103,0.011833700839103,0.040591291,7.4,30
"277","2013","NMFS","SBS","162","AKK","K-10","19","2013-06-12","17:19:41","17:50:21",58.3179,-162.04378,58.32569,-162.08868,0.511,1.498920632,2.776,15.31,0.01239031575848,0.01239031575848,0.04250056,3.4,44
"278","2014","NMFS","SBS","162","AKK","K-10","19","2014-06-11","14:59:19","15:30:06",58.29833,-162.05686,58.32369,-162.05556,0.513,1.523218697,2.821,14.873,0.012231772241689,0.012231772241689,0.041956733,5.9,44
"279","2015","NMFS","SBS","162","AKK","K-10","23","2015-06-06","15:14:26","15:44:01",58.31745,-162.04287,58.32518,-162.08725,0.493,1.482181965,2.745,15.583,0.012470421738555,0.012470421738555,0.042775335,5,45
"280","2016","NMFS","SBS","94","VST","K-10","22","2016-06-04","18:02:56","18:35:24",58.32796,-162.09587,58.32004,-162.04655,0.541,1.634449839,3.027,15.657,0.013816838911887,0.013816838911887,0.047393739,6.9,44
"281","2013","NMFS","SBS","162","AKK","K-11","18","2013-06-12","14:42:50","15:13:04",58.33732,-161.41009,58.33177,-161.45492,0.504,1.460043728,2.704,15.537,0.012247898389584,0.012247898389584,0.042012048,4.7,31
"282","2014","NMFS","SBS","94","VST","K-11","19","2014-06-11","18:04:15","18:35:23",58.23423,-161.55358,58.20871,-161.54787,0.519,1.541577235,2.855,15.824,0.01317073793816,0.01317073793816,0.04517752,5.5,38
"283","2015","NMFS","SBS","162","AKK","K-11","22","2015-06-06","12:40:11","13:11:23",58.23322,-161.55538,58.2076,-161.54355,0.52,1.583153924,2.932,15.872,0.013566984927232,0.013566984927232,0.046536704,5,39
"284","2016","NMFS","SBS","94","VST","K-11","21","2016-06-04","14:50:46","15:06:44",58.2183,-161.54875,58.23068,-161.55376,0.266,0.760259456,1.408,15.829,0.006497463606656,0.006497463606656,0.022287232,6.4,38
"285","2013","NMFS","SBS","162","AKK","K-12","17","2013-06-12","12:05:10","12:33:22",58.3193,-160.74484,58.32423,-160.78693,0.47,1.367711081,2.533,14.161,0.010457234193329,0.010457234193329,0.035869813,6.1,21
"286","2014","NMFS","SBS","94","VST","K-12","18","2014-06-11","15:05:45","15:28:15",58.31868,-160.74562,58.32185,-160.7789,0.375,1.072354602,1.986,13.579,0.007862031041502,0.007862031041502,0.026967894,7.3,21
"287","2015","NMFS","SBS","162","AKK","K-12","21","2015-06-06","09:47:45","10:04:37",58.31945,-160.75267,58.32182,-160.77847,0.281,0.830453866,1.538,13.702,0.006143671985308,0.006143671985308,0.021073676,6.6,21
"288","2016","NMFS","SBS","94","VST","K-12","18","2016-06-04","09:23:08","09:40:07",58.28484,-160.79343,58.28423,-160.81823,0.283,0.788877177,1.461,14.698,0.006260314921674,0.006260314921674,0.021473778,7.5,29
"289","2013","NMFS","SBS","89","ALD","K-13","6","2013-06-10","06:26:40","06:58:39",58.29198,-159.97723,58.26604,-159.97392,0.533,1.559395816,2.888,15.662,0.013186578675248,0.013186578675248,0.045231856,6.4,40
"290","2014","NMFS","SBS","162","AKK","K-13","6","2014-06-09","07:09:21","07:39:10",58.28528,-159.977,58.2636,-159.95653,0.497,1.454104201,2.693,13.407,0.010525813833183,0.010525813833183,0.036105051,5.6,39
"291","2015","NMFS","SBS","94","VST","K-13","7","2015-06-04","06:42:38","07:12:24",58.29341,-159.98004,58.26828,-159.98097,0.496,1.508099901,2.793,15.398,0.012537847199262,0.012537847199262,0.043006614,4.7,38
"292","2016","NMFS","SBS","94","VST","K-13","16","2016-06-03","19:16:39","19:47:37",58.26775,-159.95604,58.29193,-159.97564,0.516,1.578834268,2.924,15.212,0.012967355188304,0.012967355188304,0.044479888,6.9,39
"293","2013","NMFS","SBS","89","ALD","K-14","5","2013-06-09","15:20:54","15:53:04",58.31979,-159.53349,58.3436,-159.55641,0.536,1.603132333,2.969,15.475,0.013394563856575,0.013394563856575,0.045945275,4.6,22
"294","2014","NMFS","SBS","94","VST","K-14","6","2014-06-09","06:56:18","07:27:30",58.35439,-159.54403,58.32897,-159.54185,0.52,1.526458439,2.827,15.231,0.012552838700721,0.012552838700721,0.043058037,7.2,22
"295","2015","NMFS","SBS","162","AKK","K-14","6","2015-06-03","07:04:48","07:36:36",58.35337,-159.56797,58.32671,-159.56236,0.53,1.609611817,2.981,13.924,0.012100789671652,0.012100789671652,0.041507444,5.2,23
"296","2016","NMFS","SBS","94","VST","K-14","15","2016-06-03","17:09:19","17:42:01",58.319,-159.56193,58.34543,-159.56213,0.545,1.585853709,2.937,15.262,0.013067819209302,0.013067819209302,0.044824494,8.4,21
"297","2016","NMFS","SBS","94","VST","L-03","81","2016-06-22","09:36:32","10:07:55",58.65915,-166.55525,58.68455,-166.55928,0.523,1.529158224,2.832,15.188,0.012539538673728,0.012539538673728,0.043012416,6.3,40
"298","2016","NMFS","SBS","94","VST","L-04","48","2016-06-12","07:56:25","08:27:51",58.64714,-165.92407,58.67214,-165.93633,0.524,1.549136633,2.869,14.864,0.012432371142928,0.012432371142928,0.042644816,6.5,35
"299","2016","NMFS","SBS","94","VST","L-05","49","2016-06-12","10:47:30","11:18:49",58.65998,-165.32301,58.65945,-165.27329,0.522,1.562635558,2.894,15.169,0.012798032238838,0.012798032238838,0.043899086,7.2,37
"300","2016","NMFS","SBS","162","AKK","L-06","45","2016-06-10","09:26:54","09:57:26",58.69331,-164.63292,58.67265,-164.60523,0.509,1.514579385,2.805,15.682,0.01282395651933,0.01282395651933,0.04398801,7.6,34
"301","2016","NMFS","SBS","162","AKK","L-07","46","2016-06-10","12:01:11","12:31:11",58.664,-164.03442,58.64473,-164.00402,0.5,1.500000546,2.778,15.466,0.012525583572084,0.012525583572084,0.042964548,7.8,33
"302","2013","NMFS","SBS","89","ALD","L-09","20","2013-06-13","06:23:42","06:56:13",58.66465,-162.70779,58.63829,-162.69763,0.542,1.613391516,2.988,14.524,0.012651865172496,0.012651865172496,0.043397712,3.5,21
"303","2014","NMFS","SBS","162","AKK","L-09","20","2014-06-11","18:19:47","18:51:03",58.63938,-162.69482,58.66009,-162.7232,0.521,1.529698181,2.833,13.874,0.011458716809386,0.011458716809386,0.039305042,6.8,22
"304","2015","NMFS","SBS","94","VST","L-09","17","2015-06-06","07:10:40","07:42:21",58.67975,-162.71953,58.65846,-162.69356,0.528,1.515119342,2.806,14.555,0.01190659545889,0.01190659545889,0.04084133,4.8,18
"305","2016","NMFS","SBS","94","VST","L-09","24","2016-06-05","09:59:05","10:31:54",58.65249,-162.69363,58.65358,-162.74574,0.547,1.638769495,3.035,14.823,0.013115429755065,0.013115429755065,0.044987805,7.6,24
"306","2016","NMFS","SBS","162","AKK","M-06","44","2016-06-10","07:05:21","07:37:02",58.98996,-164.6384,58.96348,-164.64385,0.528,1.59827272,2.96,15.011,0.01295355751448,0.01295355751448,0.04443256,8.4,25
"307","2016","NMFS","SBS","94","VST","M-07","27","2016-06-06","08:07:06","08:39:19",59.0133,-163.99359,58.98798,-163.99953,0.537,1.530238138,2.834,15.366,0.012695458685052,0.012695458685052,0.043547244,8.2,26
"308","2016","NMFS","SBS","94","VST","M-08","26","2016-06-05","16:16:07","16:48:45",58.9937,-163.39404,58.99549,-163.34326,0.544,1.583693881,2.933,14.952,0.012784951153128,0.012784951153128,0.043854216,8.7,20
"309","2016","NMFS","SBS","94","VST","N-05","30","2016-06-06","17:38:50","18:13:02",59.31723,-165.30361,59.34582,-165.31731,0.57,1.766739304,3.272,15.826,0.015096357716176,0.015096357716176,0.051782672,8.7,18
"310","2016","NMFS","SBS","94","VST","N-07","28","2016-06-06","12:02:04","12:34:46",59.35021,-163.99577,59.3272,-164.02801,0.545,1.70086455,3.15,16.01,0.0147024464895,0.0147024464895,0.0504315,9.9,21
"311","2016","NMFS","SBS","94","VST","O-02","33","2016-06-07","14:59:24","15:31:37",59.65537,-167.27271,59.67573,-167.30517,0.537,1.572894741,2.913,15.669,0.013306673070801,0.013306673070801,0.045643797,5.4,29
"312","2016","NMFS","SBS","94","VST","O-03","32","2016-06-07","11:38:39","12:11:10",59.66815,-166.59551,59.66462,-166.6469,0.542,1.58207401,2.93,15.486,0.01322801251134,0.01322801251134,0.04537398,7.1,26
"313","2016","NMFS","SBS","94","VST","O-04","31","2016-06-07","07:33:12","08:05:40",59.64971,-165.96361,59.66974,-165.92597,0.541,1.66306756,3.08,15.778,0.01416740763592,0.01416740763592,0.04859624,8.4,20
"314","2016","NMFS","SBS","162","AKK","Z-05","73","2016-06-15","16:54:06","17:23:44",54.69079,-165.12298,54.66873,-165.14443,0.494,1.520518912,2.816,15.442,0.012677216882176,0.012677216882176,0.043484672,5.7,80
