"","charter","study","year","boat","vessel","stationid","haul","start_date","start_time","end_time","duration","start_latitude","start_longitude","end_longitude","end_latitude","gear_depth","gear_temp","distance_fished_km","distance_fished_nm","net_width_m","aswept_nm2","aswept_km2_new","aswept_nm2_new"
"1","BSFRF","SBS","2016","OH3","78","A-02","52","2016-06-19","16:45:32","16:55:24",0.16,55.00486872,-166.9217077,-166.9304251,55.00329179,NA,4.59,0.585567650416833,0.316147083,10.46713044,NA,0.00612921297835731,0.00178679854008783
"2","BSFRF","SBS","2016","OH3","78","A-03","51","2016-06-19","12:55:38","13:05:40",0.17,55.0111375,-166.3046723,-166.3144317,55.01223527,NA,4.77,0.637207536721417,0.344027379,9.698174156,NA,0.00617974966464006,0.00180153108039761
"3","BSFRF","SBS","2016","SSB","11","A-04","103","2016-06-19","7:41:29","7:53:26",0.2,54.98935626,-165.7369979,-165.739382,54.99521642,NA,4.51,0.668952149293294,0.361166247,12.93814435,NA,0.00865499947079939,0.00252312009282307
"4","BSFRF","SBS","2016","SSB","11","A-05","76","2016-06-15","14:13:06","14:21:12",0.13,55.00021547,-165.1195799,-165.1267305,54.9985633,NA,5.23,0.493766524732897,0.266583795,16.10187543,NA,0.00795056707275311,0.00231776276801414
"5","BSFRF","SBS","2016","SSB","11","A-06","75","2016-06-15","11:36:21","11:44:33",0.14,55.06388591,-164.5568422,-164.5612192,55.05947565,NA,6.72,0.564526477916761,0.304786986,14.07681476,NA,0.00794673465674948,0.00231664553561506
"6","BSFRF","SBS","2016","OH3","78","AZ0504","50","2016-06-19","7:53:57","8:01:45",0.13,54.83302035,-165.4810298,-165.4900579,54.83259997,NA,4.35,0.582954722137733,0.314736367,9.674244745,NA,0.0056396466572139,0.00164407933764144
"7","BSFRF","SBS","2016","SSB","11","B-02","126","2016-06-22","10:53:08","11:04:47",0.19,55.3509265,-166.9702674,-166.9623888,55.35297444,NA,4.64,0.549964449450324,0.296924969,14.77596701,NA,0.0081262565617508,0.00236898006517094
"8","BSFRF","SBS","2016","OH3","78","B-03","53","2016-06-20","10:41:54","10:50:24",0.14,55.34785867,-166.3616686,-166.3636859,55.35241595,NA,4.71,0.522434714479245,0.282061707,9.370398546,NA,0.00489542148893624,0.00142712155711224
"9","BSFRF","SBS","2016","SSB","11","B-04","104","2016-06-19","10:33:16","10:42:58",0.16,55.29621063,-165.792564,-165.7932392,55.2998955,NA,4.82,0.41175578042466,0.222306319,11.30139618,NA,0.00465341520398418,0.00135657147536907
"10","BSFRF","SBS","2016","OH3","78","B-05","49","2016-06-16","12:36:30","12:44:59",0.14,55.33903022,-165.1657852,-165.1663984,55.33407451,NA,5,0.552115374204052,0.29808625,13.4557031,NA,0.00742910055223513,0.00216574396546048
"11","BSFRF","SBS","2016","SSB","11","B-06","74","2016-06-15","9:32:22","9:40:31",0.14,55.32100751,-164.5336302,-164.5374018,55.31657441,NA,5.57,0.547944536364405,0.295834421,14.85992743,NA,0.00814241604604006,0.00237369090537809
"12","BSFRF","SBS","2016","SSB","11","B-07","73","2016-06-15","7:07:11","7:16:20",0.15,55.33264967,-164.0131986,-164.0225749,55.33258182,NA,6.35,0.596152029215705,0.321861573,14.06723608,NA,0.00838621133454838,0.00244476252046556
"13","BSFRF","SBS","2013","HMB","44","B-08","28","2013-06-14","17:18:41","17:28:49",0.17,55.35824244,-163.4177681,-163.4185073,55.35131708,51.8,3.2451,0.771060594280286,0.416294441,11.38877328,0.00261,0.00878143429340024,0.00255997858627683
"14","BSFRF","SBS","2014","OH3","78","B-08","24","2014-06-13","6:55:28","7:02:14",0.11,55.32349001,-163.4294314,-163.4239845,55.32595028,NA,4.364,0.441282062977729,0.238247514,9.308621228,NA,0.00410772757897012,0.00119749169544267
"15","BSFRF","SBS","2015","OH3","78","B-08","27","2015-06-08","16:24:45","16:33:26",0.14,55.35070834,-163.4240702,-163.4206733,55.34653142,52.49,5.78,0.511928843032694,0.276389603,7.918133757,0.00138386,0.00405352105319913,0.00118168931731471
"16","BSFRF","SBS","2016","SSB","11","B-08","28","2016-06-06","7:12:25","7:20:08",0.13,55.3330064,-163.4247959,-163.4210178,55.33732169,49.39,6.05,0.536356518877025,0.289578068,12.36631879,0.00205,0.00663275569752794,0.00193359216573976
"17","BSFRF","SBS","2016","SSB","11","C-01","129","2016-06-23","7:30:56","7:42:59",0.2,55.66994671,-167.5486498,-167.5559701,55.67080432,NA,4.65,0.47122409591593,0.254413172,12.26964966,NA,0.0057817545682387,0.00168550687635655
"18","BSFRF","SBS","2016","SSB","11","C-02","127","2016-06-22","13:28:55","13:41:14",0.21,55.63854899,-166.989327,-166.9880008,55.64351276,NA,4.7,0.557942969817778,0.30123256,13.71918663,NA,0.00765452373182655,0.00223145971226487
"19","BSFRF","SBS","2016","OH3","78","C-03","54","2016-06-20","13:11:12","13:20:02",0.15,55.66508971,-166.3865028,-166.3870082,55.6691595,NA,4.79,0.453405305163792,0.244792834,9.119065578,NA,0.00413463271120172,0.00120533512512313
"20","BSFRF","SBS","2016","SSB","11","C-04","105","2016-06-19","13:26:53","13:36:33",0.16,55.65321586,-165.7977014,-165.7974285,55.65735104,NA,4.98,0.459872948887169,0.248284705,14.5129236,NA,0.00667410097290618,0.00194564521038778
"21","BSFRF","SBS","2016","OH3","78","C-05","48","2016-06-16","9:53:38","10:03:26",0.16,55.67102809,-165.1698375,-165.1720787,55.66649325,NA,5.42,0.523395709965457,0.282580547,7.018309818,NA,0.00367335324994965,0.0010708621559429
"22","BSFRF","SBS","2016","SSB","11","C-06","70","2016-06-14","7:10:07","7:19:51",0.16,55.66156842,-164.5886198,-164.5849797,55.65621348,NA,5.76,0.637832750560677,0.344364931,14.76215712,NA,0.00941578728005848,0.00274490624248059
"23","BSFRF","SBS","2016","SSB","11","C-07","71","2016-06-14","10:07:09","10:16:27",0.16,55.68526575,-163.9914597,-163.9945114,55.69006775,NA,4.75,0.567249158311225,0.306256957,14.11693143,NA,0.00800781747160478,0.00233445250117381
"24","BSFRF","SBS","2013","HMB","44","C-08","27","2013-06-14","14:39:11","14:46:52",0.13,55.66564032,-163.3843751,-163.3919447,55.66616742,80.3,2.5564,0.480832626436199,0.259600803,11.6079248,0.002186,0.00558146896905789,0.00162711927953448
"25","BSFRF","SBS","2014","OH3","78","C-08","25","2014-06-13","9:55:57","10:03:53",0.13,55.65976694,-163.3862135,-163.3938019,55.66081583,79.05,3.7844,0.492496435950593,0.265898076,9.430653222,0.00155,0.00464456310052098,0.00135399089518682
"26","BSFRF","SBS","2015","OH3","78","C-08","26","2015-06-08","13:16:04","13:24:14",0.14,55.67567828,-163.396936,-163.3910866,55.67348906,81.56,4.72,0.441737374504234,0.238493336,9.99768709,0.00156978,0.00441635204625148,0.00128746242243828
"27","BSFRF","SBS","2016","SSB","11","C-08","29","2016-06-06","9:38:35","9:47:07",0.14,55.66170356,-163.4023204,-163.4000216,55.66668385,NA,5.01,0.572135158382309,0.308894901,15.31479055,NA,0.00876213011691615,0.00255435100007919
"28","BSFRF","SBS","2013","HMB","44","C-09","26","2013-06-14","11:59:54","12:09:02",0.15,55.6835801,-162.834029,-162.8321981,55.67756592,51.8,2.8292,0.678254172188775,0.366188395,11.64045988,0.002375,0.00789519047980605,0.00230161928992287
"29","BSFRF","SBS","2014","SSB","11","C-09","86","2014-06-13","18:40:04","18:50:18",0.17,55.67381388,-162.7631343,-162.774611,55.67358287,NA,4.2049,0.723892748739126,0.390828593,13.46683989,NA,0.00974854774480181,0.00284191313630233
"30","BSFRF","SBS","2015","OH3","78","C-09","25","2015-06-08","10:07:02","10:14:45",0.13,55.6839651,-162.8116999,-162.8184222,55.68173973,51.76,5.6,0.490538412277935,0.264840942,10.22989817,0.00161084,0.00501815800607676,0.00146290191429946
"31","BSFRF","SBS","2016","SSB","11","C-09","27","2016-06-05","14:45:43","14:54:22",0.14,55.68438213,-162.8289188,-162.8330863,55.67913405,51.22,5.39,0.639635552458363,0.345338261,12.08323083,0.0024,0.00772886402742897,0.00225313152104703
"32","BSFRF","SBS","2016","SSB","11","C-18","130","2016-06-23","10:40:00","10:49:26",0.16,55.65733198,-168.180362,-168.1748502,55.6611017,NA,4.25,0.544352242478763,0.293894947,14.38167936,NA,0.00782869941022654,0.00228223570079437
"33","BSFRF","SBS","2016","SSB","11","D-02","128","2016-06-22","16:20:09","16:31:28",0.19,55.98390663,-167.0031898,-167.0025945,55.98904197,NA,4.67,0.571913629696901,0.308775298,12.24550597,NA,0.00700337176677777,0.00204163478945132
"34","BSFRF","SBS","2016","OH3","78","D-03","55","2016-06-20","15:48:28","15:56:43",0.14,55.98997234,-166.3962781,-166.3978454,55.99447281,NA,4.8,0.509658101308402,0.275163633,10.4745755,NA,0.0053384522613415,0.00155627463763709
"35","BSFRF","SBS","2016","OH3","78","D-04","46","2016-06-15","15:36:37","15:44:21",0.13,56.00561957,-165.7818543,-165.7815713,56.00082543,NA,5.13,0.533075633537565,0.287806723,15.04306023,NA,0.008019088862451,0.00233773835610819
"36","BSFRF","SBS","2016","OH3","78","D-05","47","2016-06-16","7:19:32","7:27:24",0.13,56.0026728,-165.1678441,-165.1680841,55.997288,NA,4.68,0.598612036152323,0.323189727,10.33794495,NA,0.00618841827615013,0.00180405816869516
"37","BSFRF","SBS","2016","SSB","11","D-06","68","2016-06-13","14:52:38","15:01:52",0.15,56.01043612,-164.5759277,-164.5734709,56.00557001,NA,4.7,0.562158530880404,0.303508535,14.98400437,NA,0.00842338588334475,0.0024555997078422
"38","BSFRF","SBS","2016","SSB","11","D-07","69","2016-06-13","17:16:26","17:25:29",0.15,55.99680129,-164.0641473,-164.0551855,55.99487379,NA,4.7,0.599846729391219,0.323856336,16.00581081,NA,0.00960103326563312,0.00279890946569223
"39","BSFRF","SBS","2013","OH3","78","D-08","26","2013-06-14","14:54:54","15:03:48",0.15,56.02232897,-163.3579638,-163.3652635,56.01882392,80.3,1.8222,0.599787025574045,0.323824102,10.08086768,0.001898,0.00604637364099272,0.001762649076268
"40","BSFRF","SBS","2014","OH3","78","D-08","26","2014-06-13","13:19:10","13:25:58",0.11,55.99130652,-163.4146973,-163.4091814,55.99326425,85.71,3.9059,0.407794893167762,0.220167842,9.718084795,0.00117,0.00396298535077227,0.00115529619612715
"41","BSFRF","SBS","2015","HMB","44","D-08","27","2015-06-08","7:04:25","7:15:47",0.19,55.98876934,-163.3912786,-163.3897486,55.9947764,87.05,4.4,0.674398317641453,0.364106625,12.44544061,0.00272476,0.00839318420969062,0.00244679526482742
"42","BSFRF","SBS","2016","SSB","11","D-08","30","2016-06-06","12:14:52","12:25:26",0.18,55.99181431,-163.4028113,-163.4048234,55.99740569,87.8,4.72,0.633990089234479,0.342290284,13.77665093,0.00292,0.00873426015246297,0.00254622630087669
"43","BSFRF","SBS","2013","HMB","44","D-09","25","2013-06-14","9:21:47","9:30:18",0.14,56.0042434,-162.7979186,-162.8075946,56.00476606,76.8,2.5181,0.607621876338386,0.328054126,10.89599341,0.002149,0.00662064396035489,0.00193006133162204
"44","BSFRF","SBS","2014","SSB","11","D-09","84","2014-06-13","12:39:21","12:48:22",0.15,56.01598661,-162.811057,-162.8087085,56.00954757,76.68,3.7036,0.730478838805012,0.394384413,14.05267105,0.00291,0.0102651788307128,0.00299252230477622
"45","BSFRF","SBS","2015","OH3","78","D-09","23","2015-06-07","16:12:52","16:21:29",0.14,56.0090141,-162.8182094,-162.8187065,56.00423872,76.99,4.1,0.531606357307142,0.287013463,7.996191642,0.00139847,0.00425082631113343,0.00123920808001287
"46","BSFRF","SBS","2016","SSB","11","D-09","26","2016-06-05","12:19:24","12:28:42",0.15,56.01655067,-162.823146,-162.827604,56.0111789,76.83,4.73,0.658776788132286,0.355672585,13.22252301,0.00272,0.00871069123953304,0.00253935545149303
"47","BSFRF","SBS","2014","SSB","11","D-10","85","2014-06-13","15:19:31","15:27:21",0.13,55.99745426,-162.3085481,-162.2999203,55.9954433,70.48,3.9648,0.583875954592765,0.315233739,11.64928352,0.00189,0.00680173653556176,0.00198285374561434
"48","BSFRF","SBS","2015","OH3","78","D-10","24","2015-06-08","6:44:33","6:51:48",0.12,56.00915612,-162.2286709,-162.2346464,56.00708223,68.58,4.68,0.438870428098234,0.236945476,9.928667295,0.00141887,0.00435739846620159,0.00127027617501336
"49","BSFRF","SBS","2016","SSB","11","D-10","1","2016-05-31","7:13:14","7:23:24",0.17,55.99937323,-162.3163047,-162.308287,55.99834542,71.34,5.26,0.514097284042519,0.277560341,13.91432242,0.00263,0.00715331536541393,0.00208534660107945
"50","BSFRF","SBS","2016","OH3","78","E-03","56","2016-06-20","18:30:25","18:40:20",0.17,56.32456523,-166.4159651,-166.4171639,56.32990016,NA,4.92,0.597520769878331,0.322600554,9.642904048,NA,0.00576183545062383,0.00167970002147979
"51","BSFRF","SBS","2016","OH3","78","E-04","45","2016-06-15","12:38:48","12:47:22",0.14,56.34175254,-165.7810715,-165.7822554,56.33687469,NA,4.71,0.547027964044759,0.295339565,11.08216,NA,0.00606225142201827,0.00176727779386297
"52","BSFRF","SBS","2016","OH3","78","E-05","44","2016-06-15","9:55:57","10:03:18",0.12,56.33814284,-165.2036553,-165.2081668,56.3335836,NA,4.6,0.578703167271077,0.312440959,11.49270646,NA,0.00665086562891876,0.00193887160358675
"53","BSFRF","SBS","2016","SSB","11","E-06","67","2016-06-13","12:18:06","12:27:12",0.15,56.3243403,-164.5482248,-164.5511122,56.31946209,84.15,4.68,0.57091471597078,0.308235986,13.91873824,0.00266,0.00794641248896124,0.00231655161671621
"54","BSFRF","SBS","2016","SSB","11","E-07","66","2016-06-13","9:55:38","10:04:57",0.16,56.34353362,-164.0232453,-164.0264106,56.33824326,84.15,4.67,0.619781640205501,0.334619164,13.90418194,0.00284,0.00861755668848891,0.00251220470955846
"55","BSFRF","SBS","2013","OH3","78","E-08","27","2013-06-14","17:38:15","17:47:51",0.16,56.31346786,-163.4117717,-163.4126049,56.31898571,NA,1.3951,0.615382520558977,0.332244086,10.8330718,NA,0.00666648302968037,0.00194342441468654
"56","BSFRF","SBS","2014","OH3","78","E-08","27","2014-06-13","16:21:27","16:28:34",0.12,56.31005126,-163.4220542,-163.4170742,56.31227075,NA,3.5356,0.395265509810549,0.213403247,9.516111358,NA,0.00376139060733383,0.0010965269553556
"57","BSFRF","SBS","2015","HMB","44","E-08","28","2015-06-08","9:56:00","10:06:29",0.17,56.32347984,-163.4073154,-163.409727,56.32975482,84.49,3.59,0.713199755075735,0.385055462,13.77308591,0.00313816,0.00982296149764905,0.00286360635946482
"58","BSFRF","SBS","2016","SSB","11","E-08","31","2016-06-06","16:19:36","16:29:47",0.17,56.33748977,-163.4242013,-163.427378,56.33107819,82.32,4.66,0.739230345238003,0.399109338,13.28191334,0.00306,0.00981839338374943,0.00286227465517005
"59","BSFRF","SBS","2013","OH3","78","E-09","25","2013-06-14","11:36:39","11:43:38",0.12,56.34964381,-162.8003678,-162.8006587,56.34563365,76.8,1.6231,0.446021374359581,0.240806261,10.13508465,0.001298,0.00452046438484369,0.00131781342757688
"60","BSFRF","SBS","2014","SSB","11","E-09","83","2014-06-13","9:54:55","10:03:26",0.14,56.33384775,-162.7806696,-162.7790409,56.32750282,77.74,3.4799,0.712314955396152,0.38457776,14.4280787,0.00276,0.0102773362356427,0.00299606645203569
"61","BSFRF","SBS","2015","OH3","78","E-09","22","2015-06-07","13:33:03","13:41:20",0.14,56.34218647,-162.7995438,-162.7982649,56.337838,77.36,4.14,0.489709645354981,0.264393492,8.975301327,0.00142459,0.00439529162979926,0.001281322854193
"62","BSFRF","SBS","2016","SSB","11","E-09","25","2016-06-05","9:42:38","9:51:55",0.15,56.36518315,-162.7994597,-162.7994298,56.35972997,75,4.71,0.606026396751544,0.327192729,14.68863632,0.00274,0.00890170134220347,0.00259503903987521
"63","BSFRF","SBS","2013","HMB","44","E-10","23","2013-06-13","17:03:04","17:13:02",0.17,56.33713248,-162.2086447,-162.2095287,56.32991906,77.7,2.0414,0.803511898972664,0.433814851,10.83149703,0.002589,0.00870323674729207,0.0025371823052995
"64","BSFRF","SBS","2014","OH3","78","E-10","23","2014-06-12","17:46:01","17:52:57",0.12,56.34511864,-162.1877632,-162.1910648,56.34179022,77.27,3.4574,0.422698878516197,0.228214481,10.19603904,0.00144,0.00430985426751536,0.00125641600975198
"65","BSFRF","SBS","2015","HMB","44","E-10","26","2015-06-07","17:14:55","17:25:54",0.18,56.34880094,-162.168523,-162.1750002,56.3425529,75.35,4.39,0.801987682783656,0.432991929,12.33600997,0.0030294,0.00989332805063637,0.00288411973607495
"66","BSFRF","SBS","2016","SSB","11","E-10","2","2016-05-31","10:30:16","10:39:34",0.16,56.33346918,-162.2346723,-162.2274868,56.33247036,78.66,4.93,0.459003487276396,0.247815284,12.99071932,0.00258,0.00596278547010885,0.00173828131123335
"67","BSFRF","SBS","2013","OH3","78","E-11","11","2013-06-11","9:39:27","9:47:39",0.14,56.31042305,-161.6387712,-161.638733,56.31570569,62.2,2.696,0.587074781912362,0.316960781,11.20400424,0.001877,0.00657758834574317,0.00191750968598622
"68","BSFRF","SBS","2014","SSB","11","E-11","68","2014-06-10","9:44:09","9:53:10",0.15,56.33073942,-161.5280118,-161.5406858,56.33002103,63.43,4.6028,0.78967323427959,0.426343377,13.13439864,0.00259,0.0103718830543662,0.00302362890063419
"69","BSFRF","SBS","2015","HMB","44","E-11","13","2015-06-04","18:09:54","18:20:14",0.17,56.32385934,-161.6071284,-161.619644,56.32289897,61.81,4.78,0.783252580872082,0.422876876,12.79637763,0.00295406,0.0100227958045113,0.00292186239478643
"70","BSFRF","SBS","2016","SSB","11","E-11","3","2016-05-31","13:37:43","13:46:44",0.15,56.33445714,-161.6425992,-161.6336648,56.33458431,NA,5.39,0.55394137120326,0.299072103,12.72716663,NA,0.00705010413455458,0.0020552582883921
"71","BSFRF","SBS","2013","OH3","78","E-12","10","2013-06-11","6:30:43","6:37:43",0.12,56.33242931,-160.9806634,-160.988336,56.33021324,52.3,2.9533,0.535568428119887,0.289152579,10.90276114,0.00173,0.00583917464591639,0.00170224607457474
"72","BSFRF","SBS","2014","SSB","11","E-12","67","2014-06-10","7:09:00","7:17:27",0.14,56.32908191,-160.9633204,-160.9729422,56.33164591,52.12,5.1535,0.661022401058179,0.356884988,13.31726218,0.00224,0.00880300862174488,0.00256626797098669
"73","BSFRF","SBS","2015","HMB","44","E-12","12","2015-06-04","15:16:09","15:25:34",0.16,56.34334272,-160.9893115,-160.9883054,56.3373964,52.3,5.24,0.663761879055111,0.358364028,10.59586252,0.00220389,0.00703312961648482,0.00205030984815796
"74","BSFRF","SBS","2016","OH3","78","E-12","1","2016-05-31","7:08:57","7:17:42",0.15,56.33359932,-161.0161926,-161.0078594,56.33222188,53.23,6.14,0.538717707235314,0.29085287,13.4099904,0.00263,0.00722419928233557,0.00210601080049926
"75","BSFRF","SBS","2016","OH3","78","F-03","57","2016-06-21","7:06:19","7:12:46",0.11,56.64938456,-166.4487523,-166.4488918,56.65372006,NA,4.54,0.481889488093824,0.260171401,9.806704182,NA,0.00472574765815154,0.00137765795481816
"76","BSFRF","SBS","2016","OH3","78","F-04","42","2016-06-14","18:15:51","18:23:32",0.13,56.68224802,-165.8382115,-165.8408008,56.67750894,NA,4.45,0.550153540555843,0.297027059,10.76694359,NA,0.00592347213700354,0.00172682062183545
"77","BSFRF","SBS","2016","OH3","78","F-05","43","2016-06-15","7:02:58","7:09:50",0.11,56.67507693,-165.1907748,-165.1956002,56.67127519,74.27,4.53,0.516120736682779,0.2786528,11.00974848,0.00162,0.0056823594961897,0.00165653105674379
"78","BSFRF","SBS","2016","SSB","11","F-06","64","2016-06-12","14:17:33","14:26:20",0.15,56.68951757,-164.5744193,-164.5679435,56.68552649,NA,4.65,0.595715437875344,0.321625858,9.934084573,NA,0.0059178875412954,0.00172519259104364
"79","BSFRF","SBS","2016","SSB","11","F-07","65","2016-06-13","7:29:06","7:38:05",0.15,56.67272919,-164.0136019,-164.0154389,56.66730079,71.34,4.77,0.613735060829268,0.331354625,15.18973974,0.00293,0.00932247584330965,0.00271770393452604
"80","BSFRF","SBS","2016","SSB","11","F-08","32","2016-06-07","7:12:37","7:22:58",0.17,56.65382792,-163.386777,-163.386358,56.65977077,NA,4.7,0.660942282291794,0.356841732,14.85205188,NA,0.00981634906628332,0.00286167869228268
"81","BSFRF","SBS","2013","OH3","78","F-09","24","2013-06-14","8:56:05","9:02:55",0.11,56.6874128,-162.7911859,-162.7927436,56.68319347,NA,1.2604,0.47856148463669,0.258374617,10.55943127,NA,0.00505333710549029,0.00147315738489506
"82","BSFRF","SBS","2014","SSB","11","F-09","82","2014-06-13","7:12:20","7:20:21",0.13,56.68860602,-162.7875775,-162.7863199,56.68283635,70.11,3.4494,0.64582984479047,0.34868255,15.72529775,0.00279,0.0101558666051664,0.00296065541979283
"83","BSFRF","SBS","2015","OH3","78","F-09","21","2015-06-07","10:33:19","10:40:51",0.13,56.64476677,-162.7805608,-162.780663,56.64892425,71.87,4.33,0.462071647437397,0.249471779,10.37284805,0.00155876,0.00479299898708129,0.00139726317603905
"84","BSFRF","SBS","2016","SSB","11","F-09","24","2016-06-05","7:10:32","7:20:07",0.16,56.69901175,-162.7943896,-162.7927103,56.69350511,69.51,4.89,0.62058811404837,0.335054578,14.44950105,0.00285,0.00896718860555944,0.00261412999771465
"85","BSFRF","SBS","2013","HMB","44","F-10","22","2013-06-13","14:32:37","14:42:48",0.17,56.67376409,-162.1927123,-162.198381,56.66697838,NA,1.33,0.830641981029451,0.448462341,10.79718905,NA,0.0089685985020415,0.00261454101312311
"86","BSFRF","SBS","2014","OH3","78","F-10","22","2014-06-12","14:56:17","15:04:11",0.13,56.68780512,-162.1814892,-162.1849776,56.68350408,66.44,3.7434,0.523796083385578,0.282796708,6.952118091,0.00132,0.00364149222729982,0.00106157397670073
"87","BSFRF","SBS","2015","HMB","44","F-10","25","2015-06-07","14:47:14","14:58:59",0.2,56.6702166,-162.1717767,-162.1709727,56.66320007,70.77,4.38,0.781324073859798,0.421835678,12.03139351,0.00269184,0.00940041739144353,0.00274042558654067
"88","BSFRF","SBS","2016","SSB","11","F-10","23","2016-06-04","17:07:29","17:16:58",0.16,56.6960275,-162.1882052,-162.1926564,56.69077037,67.68,5.04,0.645001042675714,0.348235081,13.19835753,0.00278,0.00851295436845686,0.00248171086420131
"89","BSFRF","SBS","2013","OH3","78","F-11","12","2013-06-11","12:30:35","12:40:49",0.17,56.66082063,-161.584941,-161.5833847,56.66760278,91.4,1.5198,0.759759175119101,0.410192822,10.91222112,0.002183,0.00829066011684844,0.0024169072677777
"90","BSFRF","SBS","2014","SSB","11","F-11","69","2014-06-10","12:34:35","12:47:24",0.21,56.64831853,-161.5947737,-161.5965462,56.65667064,89.15,3.5432,0.934561084946841,0.504568107,12.87482418,0.00344,0.0120323096541606,0.00350767927299223
"91","BSFRF","SBS","2015","OH3","78","F-11","10","2015-06-05","6:40:00","6:50:35",0.18,56.65487173,-161.6026264,-161.6044098,56.65948916,90.34,4.28,0.52472236123361,0.283296804,8.777687368,0.00178362,0.00460584884190739,0.00134270484899857
"92","BSFRF","SBS","2016","SSB","11","F-11","4","2016-05-31","18:25:29","18:35:23",0.16,56.64899327,-161.5709416,-161.5659941,56.6549645,87.8,10.18,0.729977264877268,0.394113614,14.61152155,0.00329,0.0106660785367643,0.00310939326553803
"93","BSFRF","SBS","2013","HMB","44","F-12","11","2013-06-11","12:04:19","12:13:48",0.16,56.67457663,-160.9652697,-160.9773961,56.6744796,69.1,2.4284,0.745062875112725,0.402258312,10.61637805,0.002332,0.00790986915321662,0.00230589844163664
"94","BSFRF","SBS","2014","OH3","78","F-12","12","2014-06-10","15:06:08","15:13:20",0.12,56.66136803,-160.9741416,-160.9730311,56.66468221,67.08,4.2141,0.374580159762227,0.202235258,9.6296839,0.0014,0.00360708853372174,0.00105154455372652
"95","BSFRF","SBS","2015","HMB","44","F-12","11","2015-06-04","12:37:30","12:49:16",0.2,56.65633298,-160.9774215,-160.9885361,56.65564726,69.68,4.47,0.687386429834306,0.371118887,11.90439002,0.00260407,0.00818291615520294,0.00238549756574071
"96","BSFRF","SBS","2016","OH3","78","F-12","2","2016-05-31","11:12:12","11:20:44",0.14,56.65405695,-161.0231209,-161.0287414,56.65806253,65.67,5.36,0.563484370884924,0.304224354,12.14428624,0.00258,0.00684311549179284,0.00199491660896157
"97","BSFRF","SBS","2013","HMB","44","F-13","10","2013-06-11","9:36:30","9:44:32",0.13,56.67044945,-160.3691022,-160.380654,56.66962847,58.5,2.6811,0.715596351942832,0.386349381,11.29414031,0.002321,0.00808204560416648,0.00235609161199653
"98","BSFRF","SBS","2014","OH3","78","F-13","11","2014-06-10","12:19:30","12:26:47",0.12,56.66554664,-160.331534,-160.3388708,56.66408603,56.11,4.9851,0.479168469122826,0.258702327,9.387804525,0.00152,0.00449833992266859,0.00131136366692175
"99","BSFRF","SBS","2015","HMB","44","F-13","10","2015-06-04","9:46:29","9:57:33",0.18,56.66688632,-160.3615677,-160.3729187,56.66695652,57.97,4.65,0.697527097435735,0.376593818,8.916753138,0.00241613,0.00621967693490012,0.00181317074579385
"100","BSFRF","SBS","2016","OH3","78","F-13","3","2016-05-31","15:05:50","15:14:32",0.14,56.66480203,-160.3741845,-160.3664951,56.66518175,56.89,5.75,0.474392263767708,0.256123661,13.97569665,0.00249,0.00662996237152427,0.00193277785061595
"101","BSFRF","SBS","2013","HMB","44","F-14","9","2013-06-11","6:58:09","7:05:34",0.12,56.67467593,-159.7163088,-159.7264277,56.67245917,NA,5.5612,0.668680496369492,0.361019582,11.21555966,NA,0.00749962600051045,0.00218630366349388
"102","BSFRF","SBS","2014","OH3","78","F-14","10","2014-06-10","9:44:37","9:51:31",0.12,56.69419756,-159.701027,-159.7078751,56.69332397,NA,5.8304,0.431558116314271,0.23299757,9.544002829,NA,0.00411879188298131,0.00120071718007244
"103","BSFRF","SBS","2015","HMB","44","F-14","9","2015-06-04","7:08:15","7:16:36",0.14,56.67081875,-159.7429634,-159.7513458,56.66850104,NA,5.56,0.575838443505165,0.310894299,11.19968605,NA,0.00644920978277851,0.00188008455005216
"104","BSFRF","SBS","2016","OH3","78","F-14","4","2016-06-01","7:19:13","7:27:23",0.14,56.66488571,-159.7267106,-159.7255613,56.6695992,NA,6.5,0.528560410581624,0.285368961,11.92388017,NA,0.00630249099838128,0.00183731284172842
"105","BSFRF","SBS","2016","OH3","78","G-03","58","2016-06-21","9:47:11","9:53:25",0.1,56.98953061,-166.4687611,-166.4694116,56.99351909,NA,4.26,0.44501665213403,0.240263813,10.36924819,NA,0.00461448811466065,0.00134522338441208
"106","BSFRF","SBS","2016","OH3","78","G-04","41","2016-06-14","15:35:48","15:42:26",0.11,57.00873622,-165.8343595,-165.8355445,57.00446192,NA,4.19,0.480462236430871,0.25940083,14.8800309,NA,0.00714929292437447,0.00208417397226033
"107","BSFRF","SBS","2016","OH3","78","G-05","40","2016-06-14","12:41:35","12:48:17",0.11,57.01748588,-165.2279628,-165.2265186,57.01340432,NA,4.62,0.462036261154989,0.249452674,12.12212266,NA,0.00560086023108858,0.00163277225305804
"108","BSFRF","SBS","2016","SSB","11","G-06","63","2016-06-12","11:53:32","12:02:02",0.14,56.99202924,-164.5843501,-164.5864506,56.98746951,NA,4.83,0.522640114206412,0.282172602,9.64052422,NA,0.00503852467935048,0.0014688392413593
"109","BSFRF","SBS","2016","SSB","11","G-07","62","2016-06-12","9:26:55","9:35:32",0.14,57.02163428,-164.0285007,-164.031296,57.01671319,64.02,4.67,0.572752018799238,0.309227943,8.836381111,0.00161,0.0050610551202047,0.00147540735360601
"110","BSFRF","SBS","2013","HMB","44","G-08","29","2013-06-15","6:34:08","6:43:01",0.15,56.99094221,-163.3808071,-163.3798623,56.99714796,NA,0.0284,0.692054735274134,0.373639298,10.79662002,NA,0.00747185200979652,0.00217820694271826
"111","BSFRF","SBS","2014","OH3","78","G-08","28","2014-06-14","6:56:00","7:02:33",0.11,56.99402215,-163.3589059,-163.3649728,56.9958174,NA,3.7641,0.420003907034835,0.22675947,9.48251613,NA,0.00398269382312084,0.0011610416433394
"112","BSFRF","SBS","2015","HMB","44","G-08","29","2015-06-08","14:45:58","14:55:22",0.16,56.98627681,-163.3966474,-163.3972782,56.99189071,NA,4.01,0.625067252442476,0.337472858,13.91851343,NA,0.0087000069477738,0.00253624074867806
"113","BSFRF","SBS","2016","SSB","11","G-08","33","2016-06-07","10:01:55","10:10:46",0.15,57.00909423,-163.3613848,-163.3517081,57.00958093,64.02,4.95,0.59173907363463,0.319479025,14.64891694,0.00282,0.00866833653982624,0.00252700813775647
"114","BSFRF","SBS","2013","OH3","78","G-09","23","2013-06-14","6:23:04","6:31:31",0.14,57.01523676,-162.769844,-162.7725632,57.00981176,NA,0.8701,0.625211103561196,0.337550523,10.8346223,NA,0.00677392616485174,0.00197474641928069
"115","BSFRF","SBS","2014","SSB","11","G-09","81","2014-06-12","17:32:07","17:41:24",0.15,57.01555404,-162.7847101,-162.7856658,57.00916925,58.58,4.0176,0.711936265682294,0.384373306,14.4014309,0.00291,0.0102529009354276,0.00298894303196445
"116","BSFRF","SBS","2015","OH3","78","G-09","20","2015-06-07","6:40:00","6:47:36",0.13,57.01549325,-162.781047,-162.7813174,57.01121951,58.89,4.62,0.475233683069365,0.256577942,9.613438648,0.00141483,0.00456862985565042,0.00133185470713822
"117","BSFRF","SBS","2016","SSB","11","G-09","34","2016-06-07","12:27:51","12:36:29",0.14,57.02370688,-162.8030847,-162.8019682,57.02839844,56.71,5.22,0.525792549470764,0.283874597,14.23887533,0.00245,0.00748669456135707,0.00218253386846765
"118","BSFRF","SBS","2013","HMB","44","G-10","21","2013-06-13","11:59:45","12:08:05",0.14,57.00997243,-162.1688941,-162.1727659,57.00439626,NA,1.905,0.663024981255809,0.357966178,11.0737777,NA,0.0073421912519735,0.00214040801916919
"119","BSFRF","SBS","2014","OH3","78","G-10","21","2014-06-12","12:12:43","12:20:16",0.13,57.02225613,-162.1666392,-162.1684742,57.01812614,56.09,4.3689,0.472371426433952,0.255032614,8.38532897,0.00138,0.00396098980667684,0.00115471445173533
"120","BSFRF","SBS","2015","HMB","44","G-10","24","2015-06-07","12:08:17","12:18:42",0.17,57.00781404,-162.1533628,-162.154644,57.00179406,57.79,4.9,0.673546337094975,0.363646642,12.1636219,0.00254481,0.00819276297655322,0.00238836812776479
"121","BSFRF","SBS","2016","SSB","11","G-10","22","2016-06-04","14:34:19","14:43:07",0.15,57.03054758,-162.1774891,-162.1827461,57.02566833,54.88,5.59,0.629591469681975,0.339915476,9.811180302,0.00208,0.00617703542565102,0.00180073982085415
"122","BSFRF","SBS","2013","OH3","78","G-11","13","2013-06-11","16:34:01","16:41:16",0.12,56.98081065,-161.5697744,-161.5705213,56.98544507,NA,1.8971,0.517039635365717,0.279148912,11.21840558,NA,0.00580036033046793,0.00169093085964866
"123","BSFRF","SBS","2014","SSB","11","G-11","70","2014-06-10","16:00:48","16:10:12",0.16,56.98729524,-161.5651784,-161.5673108,56.99377566,66.38,3.6292,0.731809074080307,0.395102605,13.08896024,0.00253,0.00957861987390835,0.00279237547580582
"124","BSFRF","SBS","2015","OH3","78","G-11","11","2015-06-05","9:48:21","9:57:06",0.15,57.00186798,-161.5508295,-161.5559036,57.00572122,68.03,4.65,0.52808877561587,0.285114326,9.695687906,0.00166723,0.00512018395503314,0.00149264469160057
"125","BSFRF","SBS","2016","SSB","11","G-11","5","2016-06-01","7:09:00","7:18:08",0.15,57.00477603,-161.5616258,-161.5511608,57.00575913,67.68,5.26,0.646632475318185,0.349115889,13.313322,0.00276,0.00860882635956805,0.00250965962929688
"126","BSFRF","SBS","2013","HMB","44","G-12","12","2013-06-11","14:46:27","14:56:01",0.16,56.99898733,-160.9427824,-160.942107,57.00499084,64.7,2.584,0.668449954878525,0.360895113,11.32711995,0.002227,0.00757161281948114,0.0022072893827855
"127","BSFRF","SBS","2014","OH3","78","G-12","13","2014-06-10","17:42:30","17:50:37",0.14,56.97638574,-160.9676512,-160.9667726,56.9808128,63.15,4.2477,0.494893918169326,0.267192473,9.708476935,0.00158,0.00480466618981867,0.00140066441872578
"128","BSFRF","SBS","2015","HMB","44","G-12","14","2015-06-05","7:08:09","7:19:17",0.19,57.00001215,-160.9412658,-160.9524343,57.00149305,67.48,4.44,0.699889256346862,0.377869144,13.50302914,0.0030535,0.00945062502322461,0.00275506220032526
"129","BSFRF","SBS","2016","SSB","11","G-12","6","2016-06-01","10:00:23","10:09:23",0.15,57.00005635,-160.975523,-160.9660805,56.99967448,62.2,5.4,0.576700677831251,0.311359818,15.06510595,0.00284,0.0086880568129646,0.00253275702515493
"130","BSFRF","SBS","2013","OH3","78","G-13","9","2013-06-10","16:39:39","16:47:27",0.13,57.01290503,-160.332194,-160.3338672,57.00748174,60.4,3.033,0.611250765993084,0.330013358,11.36733659,0.001973,0.00694829319793871,0.00202557819185237
"131","BSFRF","SBS","2014","SSB","11","G-13","66","2014-06-09","17:46:45","17:56:31",0.16,57.01388729,-160.3126067,-160.3111028,57.00641362,61.75,5.0132,0.835596279126052,0.451137159,14.06036621,0.00295,0.0117487896882257,0.00342502705271417
"132","BSFRF","SBS","2015","OH3","78","G-13","9","2015-06-04","17:18:21","17:26:19",0.13,56.99661027,-160.3458866,-160.3489543,56.99219009,61.81,4.47,0.525565082631919,0.283751788,8.088522156,0.00150202,0.00425104481528825,0.00123927177871387
"133","BSFRF","SBS","2016","SSB","11","G-13","7","2016-06-01","12:42:13","12:51:03",0.15,56.99916293,-160.3564512,-160.3483889,56.99746647,NA,5.52,0.526027062078689,0.28400121,13.73351954,NA,0.00722420293562647,0.00210601186551281
"134","BSFRF","SBS","2013","HMB","44","G-14","8","2013-06-10","15:41:50","15:48:18",0.11,57.0118807,-159.6963627,-159.6977372,57.00718059,54.7,3.5001,0.528993914304462,0.285603009,11.29000138,0.002021,0.00597234202250897,0.00174106725356185
"135","BSFRF","SBS","2014","OH3","78","G-14","9","2014-06-10","6:57:00","7:04:09",0.12,57.01273904,-159.682321,-159.6807466,57.00890045,55.55,5.4431,0.437228893556561,0.236059214,8.861343914,0.00129,0.00387443559494239,0.00112948202145241
"136","BSFRF","SBS","2015","HMB","44","G-14","8","2015-06-03","17:16:41","17:26:14",0.16,57.00806926,-159.7075219,-159.7094514,57.00201804,53.77,4.74,0.68267216760625,0.368573664,11.67057169,0.00250826,0.00796717447281644,0.00232260418538576
"137","BSFRF","SBS","2016","OH3","78","G-14","5","2016-06-01","9:51:14","9:59:32",0.14,56.9779246,-159.6908018,-159.6909054,56.98286394,54.33,5.76,0.548955239343994,0.296380098,14.47053527,0.00246,0.00794367615257856,0.00231575391530316
"138","BSFRF","SBS","2013","HMB","44","G-15","1","2013-06-09","7:00:57","7:08:27",0.13,56.98155959,-159.1604,-159.1577927,56.98601379,NA,4.6734,0.519880230521269,0.280682545,10.31560676,NA,0.00536288002035556,0.00156339585928464
"139","BSFRF","SBS","2014","OH3","78","G-15","1","2014-06-08","6:59:54","7:06:32",0.11,57.0191506,-159.1279719,-159.1193188,57.02042898,32.93,6.661,0.545604307502149,0.294570935,7.197352747,0.00104,0.00392690666137563,0.00114477847553727
"140","BSFRF","SBS","2015","OH3","78","G-15","1","2015-06-03","7:13:49","7:20:36",0.11,56.97328013,-159.1408831,-159.1366441,56.97602334,29.63,6.37,0.399619976617698,0.215754217,8.785527537,0.00114512,0.00351087230891008,0.00102349543704004
"141","BSFRF","SBS","2016","OH3","78","G-15","6","2016-06-01","13:15:07","13:23:11",0.13,56.98954647,-159.1062436,-159.1106225,56.99311907,NA,7.6,0.478343362147217,0.258256853,10.31943302,NA,0.00493623228623981,0.00143901878980742
"142","BSFRF","SBS","2016","OH3","78","H-03","59","2016-06-21","12:22:50","12:28:50",0.1,57.32189013,-166.4879971,-166.4902206,57.32571062,NA,4.04,0.44530335788783,0.240418605,9.925420907,NA,0.00441982325833717,0.00128847435605993
"143","BSFRF","SBS","2016","OH3","78","H-04","38","2016-06-14","7:07:40","7:14:10",0.11,57.32056752,-165.8689139,-165.8701283,57.32480103,NA,4.27,0.476158695864747,0.257077355,15.30855756,NA,0.00728930280334002,0.00212498988911897
"144","BSFRF","SBS","2016","OH3","78","H-05","39","2016-06-14","9:50:33","9:57:39",0.12,57.34205901,-165.2841297,-165.2752963,57.34196371,NA,4.78,0.533246406384356,0.287898923,14.94509757,NA,0.00796941957226606,0.00232325868057676
"145","BSFRF","SBS","2016","SSB","11","H-06","60","2016-06-11","17:04:53","17:13:09",0.14,57.35140972,-164.6025419,-164.5973359,57.34704519,NA,4.82,0.577874915259742,0.311993787,13.12571099,NA,0.00758501912607012,0.00221119761197018
"146","BSFRF","SBS","2016","SSB","11","H-07","61","2016-06-12","7:08:24","7:16:40",0.14,57.33624005,-163.990926,-163.9888669,57.33105811,58.54,4.93,0.589141424153938,0.318076558,7.705769038,0.002,0.00453978774524864,0.00132344660630359
"147","BSFRF","SBS","2013","HMB","44","H-08","30","2013-06-15","9:14:40","9:22:43",0.13,57.32337363,-163.3804126,-163.3820073,57.32933939,51.8,0.8437,0.669943602357518,0.361701531,10.92946861,0.002138,0.00732212757243681,0.00213455902135634
"148","BSFRF","SBS","2014","OH3","78","H-08","29","2014-06-14","9:39:35","9:45:19",0.1,57.32041075,-163.3778847,-163.379017,57.32375894,NA,4.571,0.378320713002764,0.204254777,8.952982515,NA,0.00338709872857608,0.000987412753435613
"149","BSFRF","SBS","2015","HMB","44","H-08","30","2015-06-08","17:21:05","17:30:00",0.15,57.32918065,-163.3845844,-163.3863339,57.33413252,51.57,4.77,0.560356625447553,0.302535689,12.63770442,0.00226959,0.00708162140219483,0.00206444625559213
"150","BSFRF","SBS","2016","SSB","11","H-08","36","2016-06-07","18:00:21","18:08:16",0.13,57.35153161,-163.3800083,-163.3833525,57.35577228,NA,5.78,0.512655374068184,0.276781856,8.194899279,NA,0.00420115915532683,0.00122472902669903
"151","BSFRF","SBS","2013","OH3","78","H-09","22","2013-06-13","16:32:16","16:39:30",0.12,57.34682724,-162.7635083,-162.7635917,57.34183843,47.7,1.9604,0.554438749897838,0.299340637,11.01654813,0.001941,0.00610800117338656,0.00178061483880543
"152","BSFRF","SBS","2014","SSB","11","H-09","80","2014-06-12","14:58:56","15:09:16",0.17,57.34417649,-162.7524449,-162.7542292,57.33680784,46.49,4.9475,0.825942093726167,0.445924879,9.802443036,0.00247,0.00809625032478533,0.00236023259619038
"153","BSFRF","SBS","2015","OH3","78","H-09","19","2015-06-06","17:56:18","18:04:08",0.13,57.33516413,-162.773038,-162.7755289,57.33073688,NA,4.96,0.514473467729678,0.277763442,8.319704481,NA,0.00428026721482621,0.00124779074208105
"154","BSFRF","SBS","2016","SSB","11","H-09","35","2016-06-07","14:56:10","15:04:23",0.14,57.30020457,-162.7959261,-162.7998449,57.30013491,47.56,5.92,0.236913683411923,0.127909337,11.78591749,0.00221,0.0027922451249449,0.000814000024217801
"155","BSFRF","SBS","2013","HMB","44","H-10","20","2013-06-13","9:31:07","9:39:09",0.13,57.33697906,-162.1532681,-162.1553194,57.33118402,NA,2.084,0.655810224849725,0.354070942,10.80218788,NA,0.00708418526245177,0.00206519367647313
"156","BSFRF","SBS","2014","OH3","78","H-10","20","2014-06-12","9:33:15","9:40:23",0.12,57.3626,-162.1485,-162.1482,57.3586,50.63,4.8221,0.444896235050642,0.2401988,9.23065557,0.00142,0.00410668391014223,0.00119718744333974
"157","BSFRF","SBS","2016","SSB","11","H-10","21","2016-06-04","12:03:24","12:11:28",0.13,57.37522025,-162.1562142,-162.1554749,57.37040366,47.56,5.97,0.537130160621387,0.289995756,12.42658269,0.00211,0.00667469235625465,0.00194581761146234
"158","BSFRF","SBS","2013","OH3","78","H-11","14","2013-06-12","8:06:54","8:14:13",0.12,57.32448433,-161.5521994,-161.5550436,57.3291884,55.2,2.4655,0.550259734594866,0.297084393,10.92070908,0.002083,0.00600922647994854,0.00175181987301522
"159","BSFRF","SBS","2014","SSB","11","H-11","71","2014-06-10","18:36:18","18:46:48",0.17,57.31843618,-161.5313626,-161.5308351,57.32569802,54.65,4.4315,0.807650323311022,0.43604918,12.68743214,0.00309,0.0102470086698577,0.00298722530873386
"160","BSFRF","SBS","2015","OH3","78","H-11","12","2015-06-05","12:25:47","12:34:13",0.14,57.31225862,-161.5046173,-161.5097775,57.31644341,55.05,4.89,0.559854045775169,0.302264347,9.627311299,0.00169934,0.00538988918068215,0.0015712696154114
"161","BSFRF","SBS","2016","SSB","11","H-11","16","2016-06-03","12:50:24","12:57:39",0.12,57.31974062,-161.525252,-161.52854,57.32311357,53.05,5.75,0.424187045335171,0.22901794,12.46790053,0.00207,0.00528872188735352,0.00154177715485202
"162","BSFRF","SBS","2013","HMB","44","H-12","13","2013-06-11","17:15:03","17:23:14",0.14,57.31595086,-160.9272266,-160.9280345,57.32089131,NA,2.6,0.551206147709898,0.29759536,11.72489322,NA,0.0064628332241061,0.00188405607872331
"163","BSFRF","SBS","2014","OH3","78","H-12","14","2014-06-11","6:54:11","7:00:22",0.1,57.31966168,-160.9387164,-160.939725,57.3237079,62.74,4.2119,0.453770783134525,0.244990155,9.703736559,0.00118,0.00440327213770855,0.00128364934536435
"164","BSFRF","SBS","2015","HMB","44","H-12","15","2015-06-05","10:06:10","10:17:28",0.19,57.32574591,-160.9351075,-160.9342803,57.33141588,63.09,4.22,0.632091485992384,0.341265231,12.05002495,0.00275439,0.00761671817689081,0.00222043857291061
"165","BSFRF","SBS","2016","SSB","11","H-12","15","2016-06-03","9:47:45","9:56:24",0.14,57.35134084,-160.9299607,-160.9301056,57.34618916,58.54,5.69,0.572583085187121,0.309136736,13.59649226,0.00251,0.00778512148595361,0.00226953179056219
"166","BSFRF","SBS","2013","OH3","78","H-13","8","2013-06-10","14:05:53","14:13:11",0.12,57.35218744,-160.2844695,-160.283748,57.34755697,59.3,3.1354,0.51643110984912,0.27882037,11.68567141,0.001819,0.00603484425559843,0.00175928801032635
"167","BSFRF","SBS","2014","SSB","11","H-13","65","2014-06-09","15:14:38","15:23:47",0.15,57.33773792,-160.2872754,-160.286472,57.32979539,60.1,4.7126,0.88400014037696,0.47727033,15.13750116,0.00339,0.0133815531503964,0.00390101302037706
"168","BSFRF","SBS","2015","OH3","78","H-13","8","2015-06-04","14:17:15","14:25:02",0.13,57.35144378,-160.3046722,-160.3053615,57.34735383,58.89,4.5,0.456423480001405,0.246422342,9.742699941,0.00157932,0.00444679701168071,0.00129633779028307
"169","BSFRF","SBS","2016","SSB","11","H-13","8","2016-06-01","15:34:06","15:42:39",0.14,57.31886091,-160.3154752,-160.3189296,57.32360608,56.71,5.83,0.567108902312848,0.306181233,13.00640852,0.00247,0.00737605005880967,0.00215027859583827
"170","BSFRF","SBS","2013","HMB","44","H-14","7","2013-06-10","13:04:00","13:10:32",0.11,57.34389994,-159.6760993,-159.6730737,57.33933234,54.1,3.3125,0.539449991204232,0.291248229,10.84254354,0.001858,0.0058490100172845,0.00170511329868064
"171","BSFRF","SBS","2014","OH3","78","H-14","8","2014-06-09","16:04:22","16:11:27",0.12,57.32937666,-159.6840866,-159.684749,57.32505074,NA,5.0883,0.482408948717679,0.260451857,9.408341821,NA,0.00453866828704519,0.00132312025995363
"172","BSFRF","SBS","2015","HMB","44","H-14","7","2015-06-03","14:52:02","15:01:29",0.16,57.33408466,-159.6588275,-159.6604927,57.32826141,53.4,4.75,0.654909670356316,0.353584734,14.39442085,0.00286774,0.00942704541384358,0.00274818823269407
"173","BSFRF","SBS","2016","SSB","11","H-14","9","2016-06-02","7:07:14","7:15:54",0.14,57.32040286,-159.6739178,-159.6727544,57.32605799,54.88,6.13,0.632380866323091,0.341421467,12.43749307,0.00246,0.00786523264249404,0.00229288593049119
"174","BSFRF","SBS","2013","OH3","78","H-15","1","2013-06-09","6:36:18","6:43:58",0.13,57.32711604,-159.0727651,-159.0736874,57.33197493,NA,3.3949,0.54284249752893,0.293079838,11.64627212,NA,0.00632209144452235,0.00184302679695784
"175","BSFRF","SBS","2014","SSB","11","H-15","59","2014-06-08","7:15:03","7:22:35",0.13,57.32099401,-159.0723649,-159.0717559,57.32702929,NA,5.5491,0.671719443630932,0.362660305,13.97011325,NA,0.0093839966997511,0.0027356385987093
"176","BSFRF","SBS","2015","OH3","78","H-15","2","2015-06-03","9:56:33","10:03:49",0.12,57.30750976,-159.0972472,-159.0920715,57.31066112,48.28,5.11,0.469483890971933,0.253473638,10.04011018,0.00150885,0.00471366999309332,0.00137413705346102
"177","BSFRF","SBS","2016","OH3","78","H-15","7","2016-06-01","16:00:34","16:08:09",0.13,57.3080757,-159.0826727,-159.0791731,57.3115779,NA,6.41,0.442917463032759,0.239130464,13.67614284,NA,0.00605740249076643,0.00176586422521845
"178","BSFRF","SBS","2013","HMB","44","H-16","2","2013-06-09","11:00:18","11:07:09",0.11,57.31172716,-158.443985,-158.4377862,57.31590268,NA,5.4192,0.596258456631937,0.321919033,10.20757594,NA,0.00608635347593769,0.00177430406541014
"179","BSFRF","SBS","2014","OH3","78","H-16","2","2014-06-08","10:38:59","10:46:32",0.13,57.30499072,-158.4432296,-158.4386296,57.30824377,NA,6.8824,0.455992841632082,0.246189841,8.913488933,NA,0.00406448714741478,0.00118488617165868
"180","BSFRF","SBS","2015","HMB","44","H-16","1","2015-06-02","12:18:43","12:26:27",0.13,57.32966539,-158.4182389,-158.4138112,57.33399632,NA,5.83,0.550561326480658,0.297247222,12.23436818,NA,0.00673576997383355,0.00196362306190229
"181","BSFRF","SBS","2016","OH3","78","H-16","8","2016-06-02","7:08:07","7:15:56",0.13,57.3227217,-158.3843927,-158.3787966,57.32711243,27.26,7.3,0.593539147241607,0.320450882,13.86173625,0.00254,0.00822748311311308,0.00239848980073257
"182","BSFRF","SBS","2016","OH3","78","I-03","60","2016-06-21","15:00:21","15:06:11",0.1,57.65523152,-166.5085473,-166.5115897,57.65881041,NA,4.62,0.437422544778661,0.236163766,10.30304764,NA,0.00450678531766458,0.00131382568276336
"183","BSFRF","SBS","2016","OH3","78","I-04","37","2016-06-13","16:13:18","16:19:57",0.11,57.6759613,-165.8668254,-165.8701068,57.67195432,NA,4.72,0.486636247172172,0.262734169,9.9332506,NA,0.00483387979420472,0.00140918081811539
"184","BSFRF","SBS","2016","OH3","78","I-05","36","2016-06-13","13:13:31","13:20:00",0.11,57.68066044,-165.2521287,-165.2496542,57.67668295,NA,4.92,0.466138584261712,0.251667512,10.70747229,NA,0.00499116597428211,0.00145503315151132
"185","BSFRF","SBS","2016","SSB","11","I-06","59","2016-06-11","14:30:38","14:39:17",0.14,57.66197252,-164.5841861,-164.5920753,57.65991784,NA,5.53,0.524367433394496,0.283105179,13.66221088,NA,0.00716401845363996,0.00208846678347223
"186","BSFRF","SBS","2016","SSB","11","I-07","58","2016-06-11","12:06:41","12:14:50",0.14,57.68341366,-164.0090007,-164.014474,57.68007851,47.56,6.09,0.494467889925985,0.266962461,12.59027072,0.00203,0.00622548459651531,0.00181486380513638
"187","BSFRF","SBS","2013","HMB","44","I-08","31","2013-06-15","11:47:24","11:55:18",0.13,57.6546324,-163.3834857,-163.3860191,57.66072285,NA,1.814,0.693615665773002,0.374482042,10.88061977,NA,0.00754696832579144,0.00220010497827852
"188","BSFRF","SBS","2014","OH3","78","I-08","30","2014-06-14","12:19:20","12:25:02",0.09,57.64483797,-163.362338,-163.3608181,57.6479538,NA,4.735,0.358023046951858,0.193296098,9.53958045,NA,0.00341538965935137,0.000995660173452752
"189","BSFRF","SBS","2015","HMB","44","I-08","31","2015-06-09","6:58:50","7:08:27",0.16,57.64380293,-163.3610724,-163.3689119,57.6474407,44.81,4.87,0.619417486557821,0.334422558,13.01886291,0.00261411,0.00806411134155304,0.00235086338540881
"190","BSFRF","SBS","2016","SSB","11","I-08","37","2016-06-08","7:07:49","7:15:44",0.13,57.66822062,-163.3609074,-163.3526366,57.66863054,NA,6.68,0.496877707797208,0.268263518,13.07015517,NA,0.00649426874142343,0.00189322021393086
"191","BSFRF","SBS","2013","OH3","78","I-09","21","2013-06-13","14:01:36","14:08:06",0.11,57.6881677,-162.7593212,-162.7579489,57.68367595,NA,2.6367,0.505876245858422,0.273121815,11.09783354,NA,0.00561413036837688,0.00163664078593775
"192","BSFRF","SBS","2014","SSB","11","I-09","79","2014-06-12","12:26:57","12:37:04",0.17,57.6770096,-162.7441212,-162.7462278,57.66945397,NA,4.9532,0.849072099676898,0.458412734,12.05550079,NA,0.0102359893684218,0.00298401294333101
"193","BSFRF","SBS","2015","OH3","78","I-09","18","2015-06-06","15:16:36","15:23:36",0.12,57.68065443,-162.7515655,-162.7507947,57.67644132,42.06,5.23,0.470474984709343,0.254008728,8.836942333,0.00135931,0.00415756030899552,0.00121201901723299
"194","BSFRF","SBS","2016","SSB","11","I-09","38","2016-06-08","9:39:10","9:47:19",0.14,57.67136807,-162.7723069,-162.7642719,57.67289378,NA,6.9,0.509670098008279,0.27517011,11.79240177,NA,0.0060102345658689,0.00175211375192874
"195","BSFRF","SBS","2013","HMB","44","I-10","19","2013-06-13","6:54:18","7:02:23",0.13,57.68335467,-162.1191923,-162.1202304,57.67748678,NA,2.3552,0.655058720600642,0.353665206,11.0472708,NA,0.00723661107637683,0.00210962910770299
"196","BSFRF","SBS","2014","OH3","78","I-10","19","2014-06-12","6:56:49","7:03:44",0.12,57.6881734,-162.139815,-162.1414451,57.68429509,46.92,4.9713,0.441887132288989,0.23857419,9.809262806,0.00138,0.00433458701121238,0.00126362614105044
"197","BSFRF","SBS","2015","HMB","44","I-10","22","2015-06-07","7:02:52","7:11:45",0.15,57.6734649,-162.117279,-162.1216602,57.66859589,45.54,5.31,0.601221480443084,0.324598562,12.38578325,0.00233541,0.00744659894201215,0.00217084512566129
"198","BSFRF","SBS","2016","SSB","11","I-10","20","2016-06-04","9:39:52","9:48:17",0.14,57.67528561,-162.1288245,-162.1266865,57.67047485,45.73,6.56,0.549710577647229,0.296787904,11.7632001,0.00221,0.00646635552195094,0.00188508290495192
"199","BSFRF","SBS","2013","OH3","78","I-11","15","2013-06-12","10:46:54","10:53:14",0.11,57.65416952,-161.5204287,-161.523505,57.65839688,NA,1.8147,0.50458306755,0.27242363,10.76092651,NA,0.00542978130809592,0.00158289903590562
"200","BSFRF","SBS","2014","SSB","11","I-11","72","2014-06-11","7:11:31","7:21:09",0.16,57.66354889,-161.5135478,-161.5145797,57.67089027,52.65,4.8429,0.818195587348739,0.441742552,13.80868148,0.00329,0.0112982022540403,0.00329367104135882
"201","BSFRF","SBS","2015","OH3","78","I-11","13","2015-06-05","15:29:53","15:37:55",0.13,57.64815428,-161.472723,-161.4765605,57.652027,51.76,3.92,0.487842236866526,0.263385281,9.373917713,0.00155567,0.00457299298531267,0.0013331266540812
"202","BSFRF","SBS","2016","SSB","11","I-11","17","2016-06-03","15:33:43","15:42:26",0.15,57.64890406,-161.5099667,-161.5120107,57.65371334,NA,5.93,0.548289401200518,0.296020613,10.42322231,NA,0.00571494231892978,0.00166602965636979
"203","BSFRF","SBS","2013","HMB","44","I-12","14","2013-06-12","6:54:35","7:02:37",0.13,57.65678075,-160.8743496,-160.874077,57.66309616,NA,2.08,0.702033487249525,0.379026811,10.4850503,NA,0.00736085642609567,0.00214584932231688
"204","BSFRF","SBS","2014","OH3","78","I-12","15","2014-06-11","9:26:08","9:32:54",0.11,57.65071129,-160.8886867,-160.8875289,57.65451154,55.66,4.7986,0.427976059538436,0.231063623,9.36630143,0.00129,0.00400855277846062,0.00116858008976188
"205","BSFRF","SBS","2015","HMB","44","I-12","16","2015-06-05","12:54:04","13:04:14",0.17,57.65915356,-160.8915217,-160.8894834,57.66436612,55.96,3.24,0.591983028758531,0.319610736,12.09470763,0.00257382,0.00715986165475631,0.002087254986427
"206","BSFRF","SBS","2016","SSB","11","I-12","14","2016-06-03","7:07:14","7:16:00",0.15,57.69063294,-160.8843635,-160.8847298,57.68565411,53.05,5.86,0.553740835353486,0.298963834,13.48171159,0.00247,0.00746537423784138,0.00217631853167538
"207","BSFRF","SBS","2013","OH3","78","I-13","7","2013-06-10","11:42:24","11:49:57",0.13,57.67224746,-160.2647519,-160.2617502,57.66700211,53,2.5324,0.609952775668871,0.329312575,11.38531365,0.002034,0.00694450366267819,0.00202447346012009
"208","BSFRF","SBS","2014","SSB","11","I-13","64","2014-06-09","12:36:52","12:47:59",0.19,57.67631648,-160.2540267,-160.2559823,57.66691966,53.76,5.0513,1.05081696193578,0.567334478,13.37394089,0.00409,0.0140535639351386,0.00409691874160759
"209","BSFRF","SBS","2015","OH3","78","I-13","7","2015-06-04","11:32:04","11:40:27",0.14,57.68662738,-160.2393449,-160.2385496,57.68223887,52.85,4.63,0.490016712344191,0.264559277,9.244016843,0.00150694,0.00452972274226118,0.0013205124395994
"210","BSFRF","SBS","2016","SSB","11","I-13","11","2016-06-02","12:24:57","12:33:07",0.14,57.66326312,-160.2545249,-160.2644251,57.66247228,53.05,6.02,0.598832677633897,0.323308851,13.22587877,0.00243,0.00792008839790041,0.00230887757314117
"211","BSFRF","SBS","2013","HMB","44","I-14","6","2013-06-10","10:34:55","10:40:53",0.1,57.66060435,-159.6552612,-159.650747,57.65697267,48.1,3.273,0.485645927654393,0.262199497,10.53515164,0.001695,0.0051163534911875,0.00149152802829789
"212","BSFRF","SBS","2014","OH3","78","I-14","7","2014-06-09","13:21:18","13:27:56",0.11,57.68040853,-159.6316411,-159.6339768,57.67650977,47.17,5.7569,0.455236169744794,0.245781315,10.06001862,0.00141,0.00457968434413011,0.00133507733032763
"213","BSFRF","SBS","2015","HMB","44","I-14","6","2015-06-03","12:22:18","12:31:34",0.15,57.66308365,-159.6126381,-159.6116497,57.65749989,48.28,4.6,0.623345504672213,0.336543289,13.63616875,0.00269101,0.00850004449126421,0.00247794735495437
"214","BSFRF","SBS","2016","SSB","11","I-14","10","2016-06-02","9:39:18","9:47:35",0.14,57.65129229,-159.6450164,-159.6426458,57.65658613,49.39,6.35,0.605181347137742,0.326736488,13.1525828,0.00244,0.0079596977772447,0.00232042456643967
"215","BSFRF","SBS","2013","OH3","78","I-15","2","2013-06-09","9:24:31","9:30:28",0.1,57.67301633,-159.0228437,-159.0227437,57.67649195,NA,3.5301,0.38629926670982,0.208562386,12.76796855,NA,0.00493225688823904,0.00143785987505456
"216","BSFRF","SBS","2014","SSB","11","I-15","60","2014-06-08","10:03:49","10:14:19",0.18,57.65405123,-159.0277555,-159.0356058,57.66070769,NA,5.52,0.876327888700484,0.473128093,13.31329318,NA,0.01166681010408,0.00340112822560769
"217","BSFRF","SBS","2015","OH3","78","I-15","3","2015-06-03","12:33:55","12:41:51",0.13,57.64918902,-159.0369951,-159.0301137,57.65192465,NA,5.12,0.511932369621634,0.276391507,11.94398961,NA,0.00611451490378348,0.00178251373251411
"218","BSFRF","SBS","2016","OH3","78","I-15","11","2016-06-02","16:37:11","16:43:14",0.1,57.6611559,-159.0405835,-159.0369766,57.66406213,42.99,6.51,0.388449398721917,0.209723239,14.46595815,0.0016,0.00561929274530391,0.00163814573079595
"219","BSFRF","SBS","2013","HMB","44","I-16","3","2013-06-09","13:35:45","13:44:56",0.15,57.65316685,-158.361473,-158.3623722,57.65939853,NA,4.3729,0.69462682995041,0.375027968,10.11138122,NA,0.00702363668326871,0.00204754245220164
"220","BSFRF","SBS","2014","OH3","78","I-16","3","2014-06-08","13:45:19","13:52:07",0.11,57.64271767,-158.3613203,-158.3615716,57.64620537,NA,6.7032,0.387886742940143,0.209419462,8.094365071,NA,0.00313969690355865,0.000915289754721562
"221","BSFRF","SBS","2015","HMB","44","I-16","2","2015-06-02","15:04:58","15:12:50",0.13,57.66322298,-158.374711,-158.3747488,57.66771823,NA,5.84,0.499571247527913,0.269717756,10.8631563,NA,0.0054269205448817,0.00158206506137206
"222","BSFRF","SBS","2016","OH3","78","I-16","9","2016-06-02","9:30:15","9:37:09",0.12,57.65633108,-158.3780273,-158.3751042,57.66064686,NA,6.88,0.510526644227938,0.275632558,14.760174,NA,0.00753546210044046,0.0021967506639919
"223","BSFRF","SBS","2016","OH3","78","J-03","61","2016-06-21","17:32:27","17:38:50",0.11,57.98796689,-166.5261163,-166.5289681,57.99196677,NA,4.9,0.475597562591435,0.2567744,9.915148932,NA,0.00471562066479027,0.00137470571657529
"224","BSFRF","SBS","2016","OH3","78","J-04","34","2016-06-13","7:15:52","7:23:21",0.12,58.00372205,-165.8909726,-165.8909867,58.00826997,53.6,5.25,0.505419973040079,0.272875474,10.04403527,0.00141,0.005076456035377,0.00147989705446044
"225","BSFRF","SBS","2016","OH3","78","J-05","35","2016-06-13","10:16:01","10:22:18",0.1,58.0028687,-165.2795756,-165.2724309,58.00210577,NA,6.04,0.431916024343303,0.233190804,10.2286179,NA,0.00441790397789474,0.0012879148441773
"226","BSFRF","SBS","2016","SSB","11","J-06","56","2016-06-11","7:08:39","7:16:43",0.13,57.99333744,-164.6320217,-164.6231649,57.99212962,42.07,6.91,0.542022819351737,0.292637295,12.16024143,0.00211,0.00659112834388639,0.00192145688915905
"227","BSFRF","SBS","2016","SSB","11","J-07","57","2016-06-11","9:39:38","9:47:41",0.13,57.99224233,-164.0308437,-164.0267239,57.98817431,43.9,7.28,0.513860963687322,0.277432752,13.24632109,0.00222,0.0068067673206191,0.00198432032858799
"228","BSFRF","SBS","2013","HMB","44","J-08","32","2013-06-15","14:14:26","14:22:25",0.13,57.98698065,-163.3799508,-163.3814713,57.99309209,NA,2.4348,0.685136593892245,0.369904204,11.31686191,NA,0.00775359622256628,0.00226034149242844
"229","BSFRF","SBS","2014","OH3","78","J-08","31","2014-06-14","15:01:13","15:07:56",0.11,57.96250954,-163.3613223,-163.3615024,57.96616654,41.34,4.6207,0.406549688693448,0.219495558,9.036256112,0.00111,0.00367368710928787,0.00107095948318218
"230","BSFRF","SBS","2015","HMB","44","J-08","32","2015-06-09","9:39:33","9:48:37",0.15,57.99257785,-163.3892517,-163.3938033,57.99779873,NA,5.22,0.639900587471302,0.345481353,12.30617593,NA,0.00787472920713219,0.0022956543850858
"231","BSFRF","SBS","2016","SSB","11","J-08","40","2016-06-08","14:34:10","14:41:33",0.12,58.00951916,-163.3315518,-163.3303107,58.01389207,40.24,7.16,0.491504593924354,0.265362582,13.22365731,0.00205,0.00649948831634637,0.00189474183324562
"232","BSFRF","SBS","2013","OH3","78","J-09","20","2013-06-13","11:31:10","11:37:24",0.1,58.01898753,-162.7493919,-162.7517125,58.01514878,NA,3.3004,0.448218126247532,0.241992284,11.12900526,NA,0.00498822188463612,0.00145417488551536
"233","BSFRF","SBS","2014","SSB","11","J-09","78","2014-06-12","9:49:10","9:58:45",0.16,58.02460833,-162.7353477,-162.7368514,58.01771391,NA,4.7372,0.771351474893052,0.416451487,12.58882355,NA,0.00971040761246089,0.0028307944603767
"234","BSFRF","SBS","2015","OH3","78","J-09","17","2015-06-06","12:43:08","12:50:03",0.12,58.02620898,-162.7529563,-162.7517273,58.02182202,NA,4.58,0.492937763366542,0.266136348,9.114943442,NA,0.00449309983351201,0.00130983606726288
"235","BSFRF","SBS","2016","SSB","11","J-09","39","2016-06-08","11:55:58","12:03:41",0.13,57.96915702,-162.7520093,-162.7532609,57.97387594,38.41,6.89,0.529654332910522,0.285959568,12.1167954,0.00196,0.00641771318460028,0.00187090260844868
"236","BSFRF","SBS","2013","OH3","78","J-10","17","2013-06-12","15:56:12","16:02:11",0.1,57.99781929,-162.089765,-162.0968371,57.99764893,NA,3.2137,0.419693909865108,0.226592103,10.83355589,NA,0.00454677742921627,0.00132548425080267
"237","BSFRF","SBS","2014","SSB","11","J-10","74","2014-06-11","12:22:42","12:32:13",0.16,57.99242953,-162.0920967,-162.1055389,57.99246291,NA,5.5275,0.797042754967228,0.43032217,12.57348069,NA,0.0100216016886848,0.00292151428411987
"238","BSFRF","SBS","2015","HMB","44","J-10","21","2015-06-06","17:37:32","17:45:35",0.13,58.01017597,-162.1085988,-162.1088444,58.00493811,35.3,4.27,0.582276029725746,0.314369942,12.76161933,0.00226472,0.00743078503634374,0.00216623502911852
"239","BSFRF","SBS","2016","SSB","11","J-10","19","2016-06-04","7:07:00","7:15:25",0.14,57.99214169,-162.1226541,-162.123298,57.98777205,36.59,6.34,0.487105424268428,0.262987477,12.57614192,0.0021,0.00612590694560156,0.00178583475982398
"240","BSFRF","SBS","2013","OH3","78","J-11","16","2013-06-12","13:13:54","13:20:03",0.1,57.98361872,-161.4845455,-161.4846095,57.98763843,53.4,3.0447,0.446733637897903,0.241190811,12.18596254,0.001563,0.00544387937678177,0.00158700892874747
"241","BSFRF","SBS","2014","SSB","11","J-11","73","2014-06-11","9:36:16","9:45:43",0.16,57.9701278,-161.4943167,-161.4978054,57.97675121,51.92,5.277,0.764620785419616,0.412817598,13.11199178,0.0028,0.0100257014532392,0.00292270945442089
"242","BSFRF","SBS","2015","OH3","78","J-11","14","2015-06-05","18:52:36","19:01:33",0.15,57.98845901,-161.4480313,-161.4566015,57.99128863,52.3,4.14,0.597631329552927,0.322660245,8.554522817,0.00162165,0.00511245084481456,0.00149039032222269
"243","BSFRF","SBS","2016","SSB","11","J-11","18","2016-06-03","18:03:15","18:11:29",0.14,57.96385816,-161.5019753,-161.5069023,57.9677424,45.73,6.22,0.521357569378614,0.281480158,12.77428061,0.00215,0.00665996788938995,0.00194152510996332
"244","BSFRF","SBS","2013","HMB","44","J-12","15","2013-06-12","9:32:55","9:40:34",0.13,57.99720303,-160.8561141,-160.8645449,58.00255942,43.3,3.2533,0.777280196926399,0.419652395,10.48176243,0.002148,0.00814726636572613,0.0023751048787813
"245","BSFRF","SBS","2014","OH3","78","J-12","16","2014-06-11","12:02:26","12:09:21",0.12,57.98075528,-160.8556138,-160.8546276,57.98499217,44.58,4.95,0.474474640365983,0.256168136,9.548293091,0.00145,0.00453042293046123,0.00132071655964842
"246","BSFRF","SBS","2015","HMB","44","J-12","17","2015-06-05","15:35:33","15:45:07",0.16,57.98508875,-160.8555862,-160.8540182,57.99006865,44.07,3.82,0.561183786513044,0.302982272,11.60765603,0.00229188,0.00651402836345637,0.00189898057238566
"247","BSFRF","SBS","2016","SSB","11","J-12","13","2016-06-02","17:50:53","17:59:46",0.15,57.99713358,-160.8397795,-160.8487628,57.997629,42.07,5.76,0.535418900007942,0.289071849,12.75276037,0.00227,0.00682806892937027,0.00199053020962043
"248","BSFRF","SBS","2013","OH3","78","J-13","6","2013-06-10","9:06:05","9:12:48",0.11,58.00835704,-160.2184662,-160.2232719,58.00428844,50.3,2.586,0.534383797996782,0.288512999,11.53720512,0.001907,0.00616529549029352,0.00179731737503091
"249","BSFRF","SBS","2014","SSB","11","J-13","63","2014-06-09","10:03:18","10:12:00",0.15,57.99579272,-160.1997048,-160.2037426,57.98928242,50.3,4.7043,0.762080198518793,0.411445939,13.58366121,0.00247,0.0103518392315288,0.00301778569147991
"250","BSFRF","SBS","2015","OH3","78","J-13","6","2015-06-04","8:59:28","9:07:05",0.13,58.01622959,-160.2038427,-160.205703,58.01211732,49.56,4.44,0.470110693998857,0.253812048,9.392852338,0.00145053,0.00441568033124597,0.00128726660294311
"251","BSFRF","SBS","2016","SSB","11","J-13","12","2016-06-02","15:18:44","15:27:04",0.14,57.97182663,-160.2427917,-160.2484634,57.97595167,47.56,5.99,0.568662123955009,0.307019815,10.16292622,0.00192,0.00577927120986325,0.00168478292352028
"252","BSFRF","SBS","2013","HMB","44","J-14","5","2013-06-10","7:02:09","7:08:35",0.11,58.00750614,-159.6611676,-159.6535866,58.00597588,41.3,3.3513,0.480418126286117,0.259377015,11.30079298,0.001635,0.00542910578899891,0.00158270210743525
"253","BSFRF","SBS","2014","OH3","78","J-14","6","2014-06-09","10:16:51","10:24:57",0.14,58.02684814,-159.5627566,-159.5620467,58.02241418,NA,5.6595,0.494545272992862,0.26700424,10.1053226,NA,0.00499753952389794,0.00145689117948146
"254","BSFRF","SBS","2015","HMB","44","J-14","5","2015-06-03","9:46:14","9:54:43",0.14,57.99738239,-159.5726261,-159.5733155,57.99201186,NA,5.35,0.598235365336546,0.322986363,11.72110935,NA,0.00701198213414685,0.00204414489831832
"255","BSFRF","SBS","2016","OH3","78","J-14","13","2016-06-03","14:24:07","14:32:36",0.14,58.01501332,-159.6100618,-159.6143215,58.01187685,NA,6.76,0.430356038466472,0.23234857,11.48307843,NA,0.0049418121425346,0.00144064543895743
"256","BSFRF","SBS","2013","OH3","78","J-15","3","2013-06-09","11:56:41","12:02:43",0.1,58.00024422,-158.9762436,-158.9733291,58.00385486,38.4,3.9347,0.436873172975816,0.235867161,13.16911876,0.001808,0.00575323469797655,0.00167719271551276
"257","BSFRF","SBS","2014","SSB","11","J-15","61","2014-06-08","13:11:20","13:20:33",0.15,57.98104261,-158.9788767,-158.9924395,57.97850579,NA,5.8636,0.85240485773162,0.460212085,14.63582965,NA,0.0124756522905925,0.00363692326864588
"258","BSFRF","SBS","2015","OH3","78","J-15","4","2015-06-03","15:21:26","15:28:55",0.12,57.98405067,-158.979498,-158.9793041,57.98836262,NA,5.5,0.479333937268606,0.258791663,10.46656507,NA,0.00501697984468116,0.00146255845469558
"259","BSFRF","SBS","2016","OH3","78","J-15","12","2016-06-03","7:08:17","7:14:42",0.11,57.9847915,-158.9672777,-158.9715682,57.98800398,NA,7.11,0.43840558515015,0.236694508,14.11934395,NA,0.00618999924633599,0.00180451905579926
"260","BSFRF","SBS","2013","HMB","44","J-16","4","2013-06-09","16:13:05","16:20:06",0.12,57.98702338,-158.3299881,-158.3264352,57.99114208,NA,4.5873,0.503884271358414,0.272046351,12.63649241,NA,0.00636732977053898,0.00185621475031628
"261","BSFRF","SBS","2014","OH3","78","J-16","4","2014-06-08","17:16:08","17:23:17",0.12,57.98032867,-158.3184594,-158.3269547,57.98038488,NA,6.9858,0.503921772853305,0.272066598,6.03354379,NA,0.00304043408324485,0.000886352489358458
"262","BSFRF","SBS","2015","HMB","44","J-16","3","2015-06-02","17:52:17","18:00:34",0.14,57.99499763,-158.354062,-158.3562571,57.99930992,NA,6.03,0.49659105760941,0.268108756,10.39651341,NA,0.00516281558972231,0.00150507273789185
"263","BSFRF","SBS","2016","OH3","78","J-16","10","2016-06-02","13:20:31","13:27:42",0.12,58.00206131,-158.310982,-158.3171399,57.9987117,NA,7.57,0.521353674201859,0.281478055,15.73546131,NA,0.00820374056922969,0.00239156833415952
"264","BSFRF","SBS","2016","OH3","78","K-03","62","2016-06-22","7:30:09","7:36:41",0.11,58.35156014,-166.5562801,-166.5560181,58.35616854,NA,6.25,0.512371926334313,0.276628823,9.127851812,NA,0.00467685501620859,0.00136340468909658
"265","BSFRF","SBS","2016","OH3","78","K-04","33","2016-06-12","16:35:07","16:41:52",0.11,58.34163098,-165.8937724,-165.8998517,58.33902515,NA,6.42,0.459668821621452,0.248174497,9.552878945,NA,0.00439116060774053,0.0012801185716514
"266","BSFRF","SBS","2016","OH3","78","K-05","32","2016-06-12","13:48:52","13:55:28",0.11,58.33798497,-165.2763672,-165.2750651,58.33415491,NA,6.65,0.432455785079965,0.23348222,9.310044889,NA,0.00402618277160221,0.00117371961519824
"267","BSFRF","SBS","2016","SSB","11","K-06","55","2016-06-10","17:52:13","18:00:28",0.14,58.33476432,-164.641909,-164.651201,58.33420261,NA,7.1,0.549284499394487,0.296557865,12.27686393,NA,0.00674349105792428,0.00196587392540302
"268","BSFRF","SBS","2016","SSB","11","K-07","54","2016-06-10","14:40:16","14:48:20",0.13,58.3470889,-164.0019401,-164.0011245,58.34252787,NA,7.61,0.509132582138105,0.274879906,12.02460518,NA,0.00612211828448463,0.00178473028292352
"269","BSFRF","SBS","2013","HMB","44","K-08","33","2013-06-15","16:43:26","16:51:31",0.13,58.31729672,-163.3527264,-163.3517534,58.32259931,36,2.7776,0.592054240294762,0.319649183,10.84133171,0.001908,0.00641865640934757,0.00187117757892325
"270","BSFRF","SBS","2014","OH3","78","K-08","32","2014-06-14","17:58:00","18:03:49",0.1,58.31348799,-163.3966166,-163.3931553,58.31615389,NA,4.6997,0.359370778109048,0.194023736,8.884068954,NA,0.00319267477277342,0.000930733952810968
"271","BSFRF","SBS","2015","HMB","44","K-08","33","2015-06-09","12:06:45","12:14:28",0.13,58.3265605,-163.3655279,-163.3689406,58.33152381,NA,4.95,0.58688663542888,0.316859201,12.35610325,NA,0.00725163186340435,0.00211400799295735
"272","BSFRF","SBS","2016","SSB","11","K-08","41","2016-06-08","16:55:11","17:02:32",0.12,58.29946231,-163.3623548,-163.3640407,58.30352356,34.76,7.5,0.462089397070702,0.249481362,11.43649221,0.00172,0.00528468178992268,0.00154059937881181
"273","BSFRF","SBS","2013","OH3","78","K-09","19","2013-06-13","8:52:19","8:57:51",0.09,58.35187025,-162.7130502,-162.7134924,58.34859036,30,3.3742,0.365423708679334,0.197291704,10.02256687,0.001113,0.00366248355612202,0.00106769340440319
"274","BSFRF","SBS","2014","SSB","11","K-09","77","2014-06-12","7:09:05","7:18:29",0.16,58.35675759,-162.7234947,-162.723899,58.35110463,NA,5.5036,0.628673056275455,0.339419626,11.34840946,NA,0.00713443925908349,0.00207984380661744
"275","BSFRF","SBS","2015","OH3","78","K-09","16","2015-06-06","10:03:00","10:09:50",0.11,58.34673263,-162.7206099,-162.7227129,58.34310167,NA,4.77,0.421982284534102,0.227827593,8.215689962,NA,0.00346687561918865,0.00101066944759563
"276","BSFRF","SBS","2016","OH3","78","K-09","19","2016-06-05","7:09:28","7:17:11",0.13,58.32376261,-162.7365767,-162.7405945,58.32804998,NA,7.28,0.531726750311929,0.287078463,8.281217286,NA,0.00440334475611175,0.00128367051520415
"277","BSFRF","SBS","2013","HMB","44","K-10","18","2013-06-12","17:21:53","17:30:12",0.14,58.32432331,-162.0383652,-162.0489443,58.32462491,43.7,3.3879,0.622403266416146,0.336034576,9.392046898,0.00171,0.00584564066764884,0.00170413106017281
"278","BSFRF","SBS","2014","SSB","11","K-10","75","2014-06-11","15:02:09","15:11:55",0.16,58.29667917,-162.0678818,-162.0682251,58.30370374,NA,5.8356,0.780915884155367,0.421615297,12.82843861,NA,0.010017931479461,0.00292044433851574
"279","BSFRF","SBS","2015","HMB","44","K-10","20","2015-06-06","15:14:24","15:23:18",0.15,58.3225654,-162.0410536,-162.0493653,58.3241406,NA,4.98,0.518749414219104,0.280072019,11.53151362,NA,0.00598196593543462,0.00174387283294475
"280","BSFRF","SBS","2016","OH3","78","K-10","18","2016-06-04","18:02:43","18:09:57",0.12,58.32624928,-162.1033742,-162.0957073,58.32500796,NA,6.82,0.471045980948048,0.254317008,10.51855017,NA,0.0049547207829789,0.0014444085876654
"281","BSFRF","SBS","2013","HMB","44","K-11","17","2013-06-12","14:45:02","14:51:35",0.11,58.33442696,-161.4036298,-161.4119199,58.3338305,29.8,4.903,0.491379024020361,0.265294787,11.52357324,0.001509,0.00566244217189835,0.00165072472465973
"282","BSFRF","SBS","2014","OH3","78","K-11","18","2014-06-11","18:09:52","18:16:55",0.12,58.23170802,-161.5474349,-161.5467569,58.22785852,39.17,5.431,0.429662411765291,0.231974082,9.640968804,0.00134,0.00414236190808057,0.00120758835367759
"283","BSFRF","SBS","2015","HMB","44","K-11","19","2015-06-06","12:40:30","12:48:41",0.14,58.23244552,-161.5473808,-161.5439576,58.22799039,39.32,5.02,0.53458693063106,0.28862267,12.65498958,0.0021757,0.00676519203674024,0.00197220023147262
"284","BSFRF","SBS","2016","OH3","78","K-11","17","2016-06-04","14:52:39","14:59:32",0.11,58.21703962,-161.5546175,-161.5572946,58.22102103,38.78,6.42,0.469741935781794,0.253612956,8.762255047,0.00123,0.00411599864759158,0.00119990289136456
"285","BSFRF","SBS","2013","HMB","44","K-12","16","2013-06-12","12:07:15","12:13:43",0.11,58.31461105,-160.7450642,-160.7549477,58.315573,NA,6.1033,0.590550211234357,0.31883716,9.735396556,NA,0.00574924049259603,0.00167602831800072
"286","BSFRF","SBS","2014","OH3","78","K-12","17","2014-06-11","15:08:08","15:14:43",0.11,58.3163682,-160.7514526,-160.7598454,58.3167778,NA,7.2292,0.495270381538695,0.267395725,8.615336681,NA,0.00426692108508319,0.00124390005575234
"287","BSFRF","SBS","2015","HMB","44","K-12","18","2015-06-06","9:48:20","9:54:59",0.11,58.31486519,-160.7479676,-160.756369,58.31536741,NA,6.5,0.49684053599393,0.268243449,10.82324659,NA,0.00537742763697008,0.00156763680509944
"288","BSFRF","SBS","2016","OH3","78","K-12","16","2016-06-04","9:23:21","9:29:54",0.11,58.28245322,-160.7888027,-160.7958876,58.28262353,NA,7.46,0.417137551480659,0.225211929,9.094626026,NA,0.00379371003211791,0.00110594876876371
"289","BSFRF","SBS","2013","OH3","78","K-13","5","2013-06-10","6:29:51","6:36:10",0.11,58.29421353,-159.9658837,-159.9648627,58.28992662,44.8,5.1752,0.480180250082858,0.259248586,10.63365289,0.001548,0.00510607010401451,0.00148853019786635
"290","BSFRF","SBS","2014","SSB","11","K-13","62","2014-06-09","7:13:59","7:23:54",0.17,58.28516931,-159.9703421,-159.9637452,58.27874927,41.28,5.6108,0.812139480255327,0.438472869,11.97877026,0.00279,0.00972843225305436,0.00283604903410611
"291","BSFRF","SBS","2015","OH3","78","K-13","5","2015-06-04","6:40:47","6:47:52",0.12,58.29949011,-159.9757373,-159.9762021,58.29558471,41.33,4.69,0.434874260134333,0.234787951,8.069198484,0.00111744,0.00350908672060658,0.001022974899316
"292","BSFRF","SBS","2016","OH3","78","K-13","15","2016-06-03","19:21:31","19:28:03",0.11,58.2721381,-159.9523304,-159.953761,58.27592055,NA,6.95,0.428695091015827,0.231451827,12.79810248,NA,0.00548648370749348,0.00159942901533704
"293","BSFRF","SBS","2013","OH3","78","K-14","4","2013-06-09","15:30:00","15:38:52",0.15,58.3204081,-159.5393597,-159.5440968,58.32630619,NA,4.6296,0.712111287476053,0.3844678,8.267401549,NA,0.00588730996113991,0.00171627856312943
"294","BSFRF","SBS","2014","OH3","78","K-14","5","2014-06-09","6:56:22","7:03:53",0.13,58.35491056,-159.536926,-159.5345627,58.35060919,NA,7.237,0.497740258849506,0.268729208,9.048719508,NA,0.0045039119901685,0.00131298804546909
"295","BSFRF","SBS","2015","HMB","44","K-14","4","2015-06-03","7:06:50","7:14:45",0.13,58.34656705,-159.5779269,-159.5785164,58.34180811,NA,5.23,0.530002566898569,0.286147579,9.484485558,NA,0.00502680169145241,0.00146542173608812
"296","BSFRF","SBS","2016","OH3","78","K-14","14","2016-06-03","17:15:51","17:24:20",0.14,58.32454823,-159.5736105,-159.5752643,58.32874462,NA,8.26,0.476365845920984,0.257189195,11.34729361,NA,0.00540546311944143,0.00157580975639471
"297","BSFRF","SBS","2016","OH3","78","L-03","63","2016-06-22","9:46:29","9:52:45",0.1,58.6646217,-166.558292,-166.5589853,58.6689498,39.33,6.27,0.482679903362053,0.260598145,9.683107669,0.00131,0.00467384147391728,0.00136252617614791
"298","BSFRF","SBS","2016","OH3","78","L-04","30","2016-06-12","7:57:36","8:04:07",0.11,58.64574561,-165.9320702,-165.9344903,58.64937496,NA,6.43,0.427235879640604,0.230664001,9.365816521,NA,0.00400141285990193,0.00116649864862057
"299","BSFRF","SBS","2016","OH3","78","L-05","31","2016-06-12","10:55:37","11:02:08",0.11,58.6630129,-165.3139153,-165.3064019,58.66317722,NA,7.18,0.437582884182437,0.236250333,9.940010081,NA,0.00434957828004648,0.0012679964211111
"300","BSFRF","SBS","2016","SSB","11","L-06","52","2016-06-10","9:27:32","9:34:53",0.12,58.6973409,-164.6344544,-164.6297464,58.69422429,NA,6.91,0.441435904863647,0.238330573,12.4401245,NA,0.00549151761527392,0.00160089650865221
"301","BSFRF","SBS","2016","SSB","11","L-07","53","2016-06-10","12:01:52","12:09:39",0.13,58.67000493,-164.0337832,-164.0268638,58.66823101,NA,7.8,0.448236468584861,0.242002187,11.33675672,NA,0.00508154779737849,0.00148138141353604
"302","BSFRF","SBS","2013","OH3","78","L-09","18","2013-06-13","6:25:27","6:31:34",0.1,58.66784569,-162.7006891,-162.6984512,58.66364646,NA,3.5696,0.484492590451532,0.261576812,11.47021809,NA,0.00555723567546813,0.00162005474877652
"303","BSFRF","SBS","2014","SSB","11","L-09","76","2014-06-11","18:22:59","18:30:43",0.13,58.63498247,-162.6991499,-162.7060508,58.64008376,NA,6.716,0.694910974111508,0.375181377,10.6409764,NA,0.00739453127562157,0.00215566627143955
"304","BSFRF","SBS","2015","OH3","78","L-09","15","2015-06-06","7:09:27","7:17:46",0.14,58.68409555,-162.7170024,-162.7129157,58.68080699,NA,4.79,0.43594427982128,0.235365653,7.43968978,NA,0.00324329020323584,0.00094548944875727
"305","BSFRF","SBS","2016","OH3","78","L-09","20","2016-06-05","9:59:37","10:06:09",0.11,58.64911521,-162.6957761,-162.7025339,58.65022539,NA,7.54,0.41228339813764,0.222591179,9.111393915,NA,0.00375647644504682,0.00109509437044932
"306","BSFRF","SBS","2016","SSB","11","M-06","51","2016-06-10","7:06:13","7:14:13",0.13,58.99368149,-164.6334121,-164.6339692,58.98878815,NA,8.39,0.544753971709337,0.29411184,10.53290786,NA,0.00573784339038349,0.00167270581547609
"307","BSFRF","SBS","2016","OH3","78","M-07","23","2016-06-06","8:07:35","8:15:32",0.13,59.01561479,-163.9975628,-163.9994311,59.01188116,NA,8.28,0.428657845124546,0.231431718,9.685882696,NA,0.00415192960459649,0.00121037754475758
"308","BSFRF","SBS","2016","OH3","78","M-08","22","2016-06-05","16:16:44","16:23:48",0.12,58.99658586,-163.4008937,-163.3934562,58.99767282,NA,8.6,0.44536496761888,0.240451868,8.867110685,NA,0.00394910046309805,0.00115124845017458
"309","BSFRF","SBS","2016","OH3","78","N-05","26","2016-06-06","17:41:00","17:48:36",0.13,59.3180348,-165.2972119,-165.3000824,59.3223651,NA,8.71,0.508383724682928,0.274475599,10.2972488,NA,0.00523495369893081,0.00152610256156964
"310","BSFRF","SBS","2016","OH3","78","N-07","24","2016-06-06","12:03:28","12:10:31",0.12,59.35086071,-163.9893392,-163.9939402,59.34746251,NA,9.99,0.459900468875863,0.248299563,11.71363123,NA,0.00538710449491595,0.00157045781910424
"311","BSFRF","SBS","2016","OH3","78","O-02","29","2016-06-07","15:02:12","15:09:35",0.12,59.65608641,-167.2690171,-167.2733801,59.65955539,29.63,5.37,0.457673272375302,0.247097103,10.366966,0.00151,0.00474468325382349,0.00138317809171368
"312","BSFRF","SBS","2016","OH3","78","O-03","28","2016-06-07","11:37:58","11:45:00",0.12,59.67179113,-166.5890593,-166.5969644,59.6720809,NA,7.22,0.44787379484504,0.24180638,13.27519953,NA,0.00594561399082619,0.0017332754525331
"313","BSFRF","SBS","2016","OH3","78","O-04","27","2016-06-07","7:35:18","7:42:02",0.11,59.64797115,-165.9625672,-165.9579894,59.65130432,NA,8.34,0.451915649175958,0.243988571,12.56953007,NA,0.00568036734142078,0.00165595030041417
"314","BSFRF","SBS","2016","SSB","11","Z-05","77","2016-06-15","16:54:07","17:02:15",0.14,54.69868469,-165.1221715,-165.126704,54.69553967,NA,5.68,0.455872819067309,0.246125041,12.29362326,NA,0.00560432869208764,0.00163378338467826
